기관명,주소,위도,경도,기관코드,응급실 수,응급실운영여부,구급차가용여부
경희대학교병원,서울특별시 동대문구 경희대로 23 (회기동),37.5938765502235,127.05183223390303,A1100001,16,1,Y
건국대학교병원,서울특별시 광진구 능동로 120-1 (화양동),37.54084479467721,127.0721229093036,A1100002,6,1,Y
중앙대학교병원,서울특별시 동작구 흑석로 102 (흑석동),37.50707428493414,126.96079378447554,A1100003,15,1,Y
순천향대학교 부속 서울병원,서울특별시 용산구 대사관로 59 (한남동),37.53384172231443,127.00441798640304,A1100004,20,1,Y
이화여자대학교의과대학부속목동병원,서울특별시 양천구 안양천로 1071 (목동),37.53654282637804,126.8862159683056,A1100005,30,1,Y
강북삼성병원,서울특별시 종로구 새문안로 29 (평동),37.568497631233825,126.96793805451702,A1100006,6,1,Y
연세대학교의과대학세브란스병원,서울특별시 서대문구 연세로 50-1 (신촌동),37.56211711412639,126.94082769649863,A1100007,14,1,Y
학교법인 고려중앙학원 고려대학교의과대학부속병원(안암병원),"서울특별시 성북구 고려대로 73, 고려대병원 (안암동5가)",37.58715608002366,127.02647086385966,A1100008,22,1,Y
재단법인아산사회복지재단 서울아산병원,"서울특별시 송파구 올림픽로43길 88, 서울아산병원 (풍납동)",37.526563966361216,127.10823825113607,A1100009,3,1,Y
삼성서울병원,"서울특별시 강남구 일원로 81 (일원동, 삼성의료원)",37.48851613490445,127.08668245340024,A1100010,1,1,Y
가톨릭대학교여의도성모병원,"서울특별시 영등포구 63로 10, 여의도성모병원 (여의도동)",37.51827233800711,126.93673129599131,A1100011,17,1,Y
학교법인가톨릭학원가톨릭대학교서울성모병원,서울특별시 서초구 반포대로 222 (반포동),37.501800804785276,127.00472725970137,A1100012,14,1,Y
한양대학교병원,서울특별시 성동구 왕십리로 222-1 (사근동),37.559944533564746,127.04488284061982,A1100013,10,1,Y
고려대학교의과대학부속구로병원,"서울특별시 구로구 구로동로 148, 고려대부속구로병원 &#40;구로동&#41;",37.49211114525054,126.8847449363546,A1100014,14,1,Y
연세대학교의과대학 강남세브란스병원,"서울특별시 강남구 언주로 211, 강남세브란스병원 (도곡동)",37.492806984645476,127.04631254186797,A1100015,7,1,Y
인제대학교상계백병원,"서울특별시 노원구 동일로 1342, 상계백병원 (상계동)",37.6485812672986,127.06311619032102,A1100016,16,1,Y
서울대학교병원,서울특별시 종로구 대학로 101 (연건동),37.57966608924356,126.99896308412191,A1100017,1,1,Y
홍익병원,"서울특별시 양천구 목동로 225, 홍익병원본관 (신정동)",37.52844147447355,126.8636640030062,A1100019,8,1,Y
의료법인한전의료재단 한일병원,"서울특별시 도봉구 우이천로 308, 한일병원 (쌍문동)",37.64611570419094,127.02902417950423,A1100020,18,1,Y
삼육서울병원,서울특별시 동대문구 망우로 82 (휘경동),37.587992001305395,127.0653288266823,A1100021,9,1,Y
서울특별시 동부병원,서울특별시 동대문구 무학로 124 (용두동),37.57539886464885,127.03140257525507,A1100022,8,1,Y
의료법인청구성심병원,서울특별시 은평구 통일로 873 (갈현동),37.62079154435882,126.91955399169245,A1100023,8,1,Y
명지성모병원,"서울특별시 영등포구 도림로 156, 명지성모병원 (대림동)",37.4938507104387,126.89925446922592,A1100024,8,1,Y
의료법인동신의료재단동신병원,"서울특별시 서대문구 연희로 272, 동신병원 본관동 (홍은동)",37.58110428173239,126.93658306608872,A1100025,9,1,Y
구로성심병원,"서울특별시 구로구 경인로 427, 구로성심병원 &#40;고척동&#41;",37.49964578669388,126.86636039556485,A1100026,9,1,Y
한국원자력의학원원자력병원,"서울특별시 노원구 노원로 75, 한국원자력의학원 (공릉동)",37.628815981330355,127.08269315796588,A1100027,8,1,Y
성심의료재단강동성심병원,서울특별시 강동구 성안로 150 (길동),37.53598408220376,127.13526354631517,A1100028,18,1,Y
서울적십자병원,"서울특별시 종로구 새문안로 9, 적십자병원 (평동)",37.56715536263689,126.96699861289684,A1100029,11,1,Y
의료법인성화의료재단대한병원,"서울특별시 강북구 도봉로 301 (수유동, 대한병원)",37.63547043209498,127.02267251878474,A1100030,5,1,
세란병원,서울특별시 종로구 통일로 256 (무악동),37.57534016994642,126.9577071892358,A1100032,7,1,Y
서울특별시서울의료원,서울특별시 중랑구 신내로 156 (신내동),37.61286931510163,127.0980910949257,A1100035,15,1,Y
부민병원,"서울특별시 강서구 공항대로 389, 부민병원 (등촌동)",37.556940892893586,126.85094950539181,A1100036,9,1,Y
대림성모병원,"서울특별시 영등포구 시흥대로 657 (대림동, 대림성모병원)",37.49068925436284,126.90716948025135,A1100037,6,1,Y
한림대학교한강성심병원,"서울특별시 영등포구 버드나루로7길 12 (영등포동7가, 한강성심병원)",37.52346674579277,126.91033000120589,A1100038,30,1,
경찰병원,"서울특별시 송파구 송이로 123, 국립경찰병원 (가락동)",37.496413213560785,127.12348793503201,A1100039,1,1,Y
서울특별시보라매병원,서울특별시 동작구 보라매로5길 20 (신대방동),37.4937184009319,126.92404876254014,A1100040,30,1,Y
의료법인서울효천의료재단에이치플러스양지병원,"서울특별시 관악구 남부순환로 1636, 양지병원 (신림동)",37.48427507045319,126.93253922577287,A1100041,10,1,Y
우리들병원,서울특별시 강서구 하늘길 70 (과해동),37.56199597494205,126.7963653099318,A1100042,,1,
강동경희대학교의대병원,서울특별시 강동구 동남로 892 (상일동),37.5520459324005,127.157084787845,A1100043,12,1,Y
녹색병원,서울특별시 중랑구 사가정로49길 53 (면목동),37.58362083896108,127.08605546969357,A1100044,11,1,Y
씨엠병원,"서울특별시 영등포구 영등포로36길 13 (영등포동4가, 충무병원)",37.518848328762154,126.90367981067837,A1100045,5,1,
미즈메디병원,서울특별시 강서구 강서로 295 (내발산동),37.55225379358291,126.83602535156236,A1100046,,1,
강남고려병원,서울특별시 관악구 관악로 242 (봉천동),37.4856188363947,126.956781703053,A1100047,10,1,
노원을지대학교병원,"서울특별시 노원구 한글비석로 68, 을지병원 (하계동)",37.636442927386746,127.07000281991385,A1100048,14,1,Y
희명병원,서울특별시 금천구 시흥대로 244 (시흥동),37.45567063464179,126.90056251863875,A1100049,4,1,Y
서울성심병원,"서울특별시 동대문구 왕산로 259, 서울성심병원 (청량리동)",37.58419129209865,127.04983805981972,A1100050,18,1,Y
혜민병원,서울특별시 광진구 자양로 85 (자양동),37.535315660180416,127.08360130258502,A1100051,10,1,Y
국립중앙의료원,"서울특별시 중구 을지로 245, 국립중앙의료원 (을지로6가)",37.56733955813183,127.00579539705472,A1100052,23,1,Y
한국보훈복지의료공단 중앙보훈병원,서울특별시 강동구 진황도로61길 53 (둔촌동),37.528220900896635,127.14671886173552,A1100053,14,1,Y
성애의료재단성애병원,"서울특별시 영등포구 여의대방로53길 22 (신길동, 성애병원)",37.51205044957338,126.92236733617031,A1100054,16,1,Y
한림대학교강남성심병원,"서울특별시 영등포구 신길로 1 (대림동, 강남성심병원)",37.4932492859,126.9086725295,A1100055,23,1,Y
차의과학대학교 강남차병원,"서울특별시 강남구 논현로 566, 강남차병원(역삼동650-9, 606-4, 605외2필지(지하7층~지하1층, 지상2층~7층)) (역삼동)",37.506800025850865,127.03466865188072,A1100057,,1,
로이병원,"서울특별시 종로구 평창문화로 75, 글로리아타운 2층일부,3,5층 (평창동)",37.606862635259,126.96900620111,A1100060,,2,
달려라병원,서울특별시 강동구 천호대로 1165 (길동),37.53408148332311,127.14092847303698,A1100061,,2,
성지병원,서울특별시 금천구 가산로 122 (가산동),37.4765953048742,126.892880007688,A1100062,,2,
신촌연세병원,"서울특별시 마포구 서강로 110, 지2층~6층 (신수동)",37.5525892651719,126.933734666413,A1100063,,1,
강북21세기병원,서울특별시 중랑구 면목로 473 (상봉동),37.5940484210525,127.085631420521,A1100064,,2,
선한목자병원,"서울특별시 강남구 논현로 507 (역삼동, 성지하이츠3차빌딩 2층,3층일부)",37.5015784938059,127.036157208818,A1100066,,2,
연세슬기병원,서울특별시 성동구 무학로2길 8 (도선동),37.5642703458178,127.030678010912,A1100067,,2,
금강아산병원(재단법인 아산사회복지재단),서울특별시 용산구 이촌로 318 (이촌동),37.5176798435221,126.98273008257,A1100068,10,2,
청병원,"서울특별시 강동구 올림픽로 546, G.M.F.빌딩 (성내동)",37.530247187452,127.121022361639,A1100069,,2,
솔병원,"서울특별시 강서구 방화대로 352, 1~4층 (방화동)",37.572359343600006,126.8173739572,A1100070,,2,
메드렉스병원,"서울특별시 강남구 논현로 705, 메드렉스병원 (논현동)",37.5148984268352,127.029976515577,A1100072,,2,
의료법인풍산의료재단동부제일병원,"서울특별시 중랑구 망우로 511, 동부제일병원 지하1~6층 (망우동)",37.60067564592665,127.1090292210168,A1100075,8,1,Y
강남힐병원,"서울특별시 관악구 남부순환로 1449, 강남힐병원 (신림동)",37.4816513439454,126.911648078471,A1100076,,1,
신일병원,서울특별시 강북구 덕릉로 73 (수유동),37.6347745804936,127.021825891177,A1100078,,2,
비에비스나무병원,"서울특별시 강남구 논현로 627, 유현빌딩 지하2,1~9,12층 (논현동)",37.50955952897761,127.03235680386943,A1100080,,2,
서울미즈병원,서울특별시 강동구 천호대로 1043 (천호동),37.5376220633826,127.128105133924,A1100081,,2,
서울양병원,서울특별시 강동구 천호대로 1159 (길동),37.5340665832454,127.140123786539,A1100082,,2,
미병원,"서울특별시 강남구 논현로168길 35, 목산빌딩, 지하2층, 3~5층 (신사동)",37.5234641249,127.0312089327,A1100083,,2,
윤호병원,"서울특별시 강남구 압구정로 304, 윤호병원 (지하1층,지하2층,1층~4층,7층)  (신사동)",37.5288443792735,127.034414086692,A1100084,,2,
새움병원,"서울특별시 금천구 시흥대로139길 8, 새움병원 (독산동)",37.4730528935658,126.897655390325,A1100086,,2,
서울연세병원,"서울특별시 마포구 토정로 271, 대현빌딩 지하1층,지상2~6층 (용강동)",37.5424624834344,126.940310619041,A1100087,,2,
장스여성병원(본관),서울특별시 중랑구 망우로 411  (망우동),37.5995969226542,127.097891610363,A1100088,,2,
참튼튼병원,서울특별시 동대문구 답십리로 261 (장안동),37.572732776108,127.069359147079,A1100089,,2,
맑은수병원,서울특별시 동대문구 천호대로83길 44 (장안동),37.5638839349002,127.065546531255,A1100091,,2,
에이치큐브병원,서울특별시 도봉구 도봉로 604 (창동),37.65831441873671,127.04103427994265,A1100093,,2,
연세바른병원,"서울특별시 동작구 사당로 300, 2·4층일부및3  층 (사당동, 이수자이)",37.4843790909712,126.980281616349,A1100094,,2,
공안과병원,서울특별시 강동구 풍성로37길 45 (성내동),37.5339148820044,127.126027072458,A1100095,,2,
의료법인춘혜의료재단명지춘혜재활병원,"서울특별시 영등포구 대림로 223 (대림동, 명지춘혜병원)",37.5006467013969,126.897027181092,A1100097,,2,
예스병원,"서울특별시 구로구 구로동로 147, MEDI FLOWER 147 (구로동)",37.4916865049695,126.883400470712,A1100098,,2,
바른본병원,서울특별시 광진구 천호대로 630 (능동),37.5537986062705,127.087170869081,A1100099,,2,
조은마디병원,서울특별시 강동구 천호대로170길 19 (성내동),37.5343626326079,127.133211287427,A1100100,,2,
사랑플러스병원,서울특별시 강동구 양재대로 1580 (명일동),37.5466848586676,127.143605912129,A1100102,,2,
강동연세병원,서울특별시 강동구 올림픽로 734 (천호동),37.5467610506714,127.126626265578,A1100103,,2,
참튼튼병원,"서울특별시 노원구 노해로 502, 2층, 3층, 5층 (상계동)",37.6544500497108,127.063692307584,A1100104,,2,
팔팔병원,"서울특별시 중랑구 동일로 679 (면목동, 88병원)",37.5909406409469,127.07969838544,A1100105,,2,
참포도나무병원,서울특별시 서초구 바우뫼로35길 32 (양재동),37.4799289174276,127.038680321903,A1100108,,2,
선수촌병원,"서울특별시 송파구 올림픽로 76, J타워 3~7층 (잠실동)",37.5115603565131,127.079181383259,A1100109,,2,
삼성미래여성병원,"서울특별시 구로구 서해안로 2296, 삼성미래여성병원 (오류동)",37.4912413885939,126.84044403086,A1100111,,2,
강북우리들병원,"서울특별시 강북구 한천로 1083, 수유동 (수유동, 광산타워)",37.6425448823211,127.022634105373,A1100112,,2,
광혜병원,"서울특별시 강남구 영동대로86길 9 (대치동, 지하1~2층,2~7층)",37.508136490079,127.064771981255,A1100113,,2,
메디힐병원,"서울특별시 양천구 남부순환로 331 (신월동, 메디힐병원)",37.5372613394638,126.827841386792,A1100114,10,2,
365엠씨(mc)병원,"서울특별시 서초구 서초중앙로 126, 서울365mc병원 지하1층, 2~13층 (서초동)",37.4929905549467,127.014115205707,A1100116,,2,
청화병원,서울특별시 동작구 장승배기로 108 (노량진동),37.50702302771752,126.94020821431485,A1100117,,2,
제니스병원,서울특별시 광진구 자양로 215 (구의동),37.5465132167877,127.08644676217,A1100118,,2,
영동병원,서울특별시 동대문구 한천로 4 (장안동),37.5632449294324,127.058553733243,A1100119,,2,
웰튼병원,"서울특별시 강서구 마곡중앙5로 22, 지하1,2지상4,1층 0,11,12호 (마곡동)",37.5672498211268,126.825303015866,A1100120,,2,
토마스병원,"서울특별시 강남구 언주로174길 15, 구정빌딩 (신사동)",37.5285132897442,127.035233806887,A1100122,,2,
뉴스타트병원,"서울특별시 송파구 송이로 76, 뉴스타트병원 (가락동)",37.4990977042848,127.119513008234,A1100123,,2,
연세사랑병원,"서울특별시 서초구 남부순환로 2205, 지하4층~지상6층 (방배동)",37.4740486964094,126.993730897115,A1100124,,2,
서울라본병원,서울특별시 중랑구 망우로 476 (망우동),37.600312514,127.1050924258,A1100127,,2,
민병원,"서울특별시 강북구 도봉로 155, 서울민병원 (미아동)",37.6226164357907,127.027280383769,A1100128,,2,
방병원,"서울특별시 노원구 동일로 989, 1~9층 (공릉동)",37.6184022670986,127.075033608195,A1100131,,2,
국립재활원,"서울특별시 강북구 삼각산로 58 (수유동, 국립재활원)",37.638655704921,127.010264590667,A1100132,,2,
서울송도병원,"서울특별시 중구 다산로 78, 송도병원 (신당동)",37.5511665956999,127.008381705394,A1100135,,2,
포미즈여성병원,"서울특별시 양천구 공항대로 610 (목동, 정종일산부인과)",37.546789059764,126.87235841377,A1100136,,2,
연세노블병원,서울특별시 은평구 서오릉로 37 (녹번동),37.6040399058057,126.924452636345,A1100139,,2,
호산여성병원,"서울특별시 강남구 언주로 871, 호산병원 (신사동)",37.5285677154605,127.033354132164,A1100140,,2,
강남베드로병원,"서울특별시 강남구 남부순환로 2649, 베드로병원 (도곡동)",37.485612179925724,127.0395873429168,A1100141,,1,
허리나은병원,"서울특별시 강동구 양재대로 1415, 지하4, 지상5층 (성내동)",37.5324911454378,127.137628283086,A1100143,,2,
메디아이여성병원,"서울특별시 노원구 노원로 448 (상계동, 메디아이여성병원)",37.6564723367144,127.0670480462,A1100144,,2,
더본병원,서울특별시 동작구 동작대로 67 (사당동),37.4825469938281,126.981480681968,A1100147,,2,
사랑의병원,"서울특별시 관악구 남부순환로 1860, -1,1,3,4,5층 (봉천동,  )",37.4796247835746,126.956285774259,A1100148,,1,
김정수여러분병원,"서울특별시 강남구 봉은사로 171 (논현동, 지하1층일부,1-5층,6층일부)",37.5072207305514,127.032576001066,A1100149,,2,
바로선병원,"서울특별시 도봉구 도봉로 628 (창동, 바로선병원)",37.6603418778017,127.042113640274,A1100150,,2,
은평연세병원,서울특별시 은평구 연서로 177 (갈현동),37.6146922208583,126.917472218592,A1100152,6,1,
반도정형외과병원,"서울특별시 중구 동호로 202, 반도정형외과 (신당동)",37.5559931963298,127.010110415753,A1100153,,2,
한솔병원,"서울특별시 송파구 송파대로 445, 한솔병원 (석촌동)",37.5060777045103,127.105912362918,A1100155,,2,
방화병원,"서울특별시 강서구 양천로 92, 지하1, 지상1~6층 층호 (방화동, 방화정형외과)",37.5732366865058,126.813998111564,A1100157,,2,
강서송도병원,"서울특별시 강서구 공항대로 315 (등촌동, 서울시니어강서타워)",37.5584986162827,126.842791205411,A1100158,,2,
서울특별시어린이병원,서울특별시 서초구 헌릉로 260 (내곡동),37.4557172797141,127.068851404997,A1100160,,2,
누네안과병원,"서울특별시 강남구 테헤란로 408, 대치빌딩 지상9층~지상17층 (대치동)",37.5044682122431,127.050387028274,A1100161,,2,
한강수병원,"서울특별시 영등포구 영등포로 83, 한강수병원 (양평동1가)",37.5224047841717,126.890913736375,A1100163,,1,
척편한병원,"서울특별시 관악구 신림로 318, 4,5층 (신림동, 청암두산위브)",37.4825754320038,126.930252917369,A1100164,,2,
아름제일병원,"서울특별시 구로구 새말로 94, 2~6층, 9층 / 새말로 110 지하1층동 3~6층 (구로동)",37.5054702180553,126.890498431184,A1100165,,2,
튼튼병원,"서울특별시 강남구 영동대로 713, B1~6층, 7층일부,8층 (청담동)",37.5213073708446,127.055749348567,A1100167,,2,
하늘병원,"서울특별시 동대문구 천호대로 317, 하늘병원 (답십리동)",37.565178527398,127.055634655029,A1100169,,2,
의료법인우리아이들의료재단우리아이들병원,"서울특별시 구로구 새말로 15, 2~10층,11층 일부호 (구로동, 삼전 솔하임)",37.5021858199934,126.882472051568,A1100170,,2,
연세무척나은병원,서울특별시 광진구 천호대로 568 (능동),37.5562629735009,127.080898776139,A1100171,,2,
서울현대병원,"서울특별시 강북구 도봉로 374 (번동, 서울현대병원)",37.6402559204261,127.028504374531,A1100172,10,1,
제일정형외과병원,"서울특별시 강남구 영동대로 726, 경일빌딩1~12층, 14층, 지하1~2층, 지하4~5층 (청담동)",37.522820779835,127.05614063947,A1100176,,2,
서울21세기병원,서울특별시 서초구 서초중앙로 39 (서초동),37.4852789881319,127.015712528164,A1100178,,2,
정동병원,서울특별시 동작구 양녕로 283 (상도1동),37.5049498152225,126.949438704753,A1100179,,2,
서울노보스병원,서울특별시 도봉구 도봉로 755(도봉동),37.6719302785383,127.043634544572,A1100180,,2,
대항병원,서울특별시 서초구 남부순환로 2151 (방배동),37.4756666208059,126.987740199474,A1100181,,2,
아카시아병원,서울특별시 금천구 시흥대로114길 5 (독산동),37.4680878358447,126.898548517713,A1100183,,2,
서울특별시 북부병원,서울특별시 중랑구 양원역로 38 (망우동),37.6043947292607,127.10768066266,A1100184,,2,
서울척병원,서울특별시 성북구 동소문로47길 8 (길음동),37.6088605693088,127.029269992391,A1100185,,2,
유광사여성병원,서울특별시 강서구 강서로 194 (화곡동),37.5435916590617,126.838880973474,A1100187,,2,
코리아병원,서울특별시 동대문구 장한로 143 (장안동),37.5731976621686,127.071518871889,A1100188,,2,
서울재활병원,서울특별시 은평구 갈현로11길 30 (구산동),37.60561275596,126.906342824539,A1100189,,2,
서울병원,서울특별시 송파구 오금로 290 (가락동),37.5039052343651,127.124708246107,A1100190,,2,
핑크힐병원,서울특별시 강서구 양천로 712 (염창동),37.5493118670926,126.874810563039,A1100191,,2,
우리들병원,"서울특별시 강남구 학동로 445, 우리들병원 (청담동)",37.51909256106,127.049609103629,A1100193,,2,
서울특별시서북병원,서울특별시 은평구 갈현로7길 49 (역촌동),37.6043567763756,126.905664235484,A1100194,9,2,
하나이비인후과병원,"서울특별시 강남구 역삼로 245, 지하2층일부 1층일부 2~7층 (역삼동)",37.4979195675135,127.042973993719,A1100196,,2,
고도일병원,"서울특별시 서초구 강남대로 505 (반포동, 고도일 병원)",37.50701445806,127.0227028296,A1100197,,2,
조인트힐병원,서울특별시 관악구 난곡로 215 (신림동),37.4737283481113,126.917547423344,A1100198,,2,
유나이티드병원,"경기도 하남시 미사강변대로 48, 해든마루빌딩 3, 4층일부, 5층 (풍산동)",37.55435142401061,127.18620131558897,A1100199,,2,
날개병원,서울특별시 동대문구 무학로 193-1 (용두동),37.5816271425374,127.029498659534,A1100200,,2,
본서부병원,서울특별시 은평구 은평로 133 (응암동),37.6009323557961,126.922591585689,A1100202,,2,
강서힘찬병원,"서울특별시 강서구 강서로56길 38 (등촌동, 강서힘찬병원)",37.5591929622171,126.840668886961,A1100204,,2,
조앤조병원,"서울특별시 중랑구 망우로 474 (망우동, 조앤조병원)",37.6003063622164,127.10471509743,A1100209,,2,
서울스타병원,"서울특별시 강서구 강서로 307, 서울스타병원빌딩 3,4,5,6,7,층 8,9호 (내발산동)",37.5532303968282,126.836227554297,A1100210,,2,
서울병원,서울특별시 은평구 진흥로 191 (대조동),37.6088308110956,126.930739739666,A1100211,,2,
재단법인한국산업보건환경연구소부설해상병원,서울특별시 영등포구 신길로 173 (신길동),37.5076073919529,126.910726825676,A1100214,,2,
린여성병원,"서울특별시 동대문구 답십리로 266, 파워스빌딩 (장안동)",37.5722812717492,127.069844464433,A1100215,,2,
의료법인우신향병원,서울특별시 성북구 안암로 99 (안암동5가),37.5848797322556,127.031235460115,A1100216,,2,
서울특별시서남병원,서울특별시 양천구 신정이펜1로 20 (신정동),37.51201935883779,126.8331299304024,A1100223,7,1,Y
서울나은병원,서울특별시 동대문구 왕산로 137 (제기동),37.5785692943084,127.038731404679,A1100224,,2,
디앤에프병원,"서울특별시 중랑구 봉화산로 64 (중화동, 디엔에프병원)",37.6014710157599,127.081486513539,A1100226,,2,
의료법인마리아의료재단마리아병원,"서울특별시 송파구 송이로 152, 마리아 의료재단 새병원 (가락동)",37.4932775569006,127.124408101115,A1100232,,2,
강남을지대학교병원,"서울특별시 강남구 도산대로 202, 강남을지병원 B2~9층 (논현동)",37.5194081037449,127.028627227383,A1100234,,2,
아이디병원,"서울특별시 강남구 도산대로 142, 아이디병원 B1층,1,2,3층 (논현동)",37.5176799808097,127.024188449416,A1100237,,2,
사회복지법인 성가소비녀회 성가복지병원,서울특별시 성북구 종암로 191 (하월곡동),37.6069277678263,127.030683404081,A1100239,,2,
힘찬병원,"서울특별시 양천구 신목로 120 (목동, 힘찬병원)",37.5249809740677,126.876846570165,A1100240,,2,
인정병원,서울특별시 은평구 응암로 164 (응암동),37.5865882667176,126.91659126549,A1100242,,2,
의료법인상원의료재단강북힘찬병원,"서울특별시 도봉구 도봉로 446, 강북힘찬병원 (창동)",37.6456625299969,127.033377074805,A1100243,,2,
햇빛병원,서울특별시 강북구 도봉로 74 (미아동),37.6157674743173,127.030285286084,A1100247,,2,
의료법인청해의료재단제일병원,서울특별시 서초구 서초대로 116 (방배동),37.4878291517951,126.995052679586,A1100248,,2,
학교법인대진교육재단제인병원,서울특별시 성동구 광나루로 243 (송정동),37.54946099718933,127.05694427692782,A1100249,,2,
서울고든병원,"서울특별시 강서구 양천로 600, 파인블루빌딩 지하1층,2,7,8층 ,9,10호 (등촌동)",37.5554767520191,126.864673727749,A1100253,,2,
의료법인인봉의료재단영등포병원,서울특별시 영등포구 당산로31길 10 (당산동3가),37.526858089517,126.89561402986,A1100255,5,1,
실로암안과병원,"서울특별시 강서구 등촌로 181 (등촌동, 실로암안과병원)",37.5460169755054,126.86223980574,A1100257,,2,
강남수병원,서울특별시 송파구 삼전로2길 11 (삼전동),37.5013402409902,127.086157841705,A1100258,,2,
의료법인한국의료재단프라임병원,서울특별시 중랑구 공릉로 76 (묵동),37.6172283555794,127.07946003191,A1100259,,2,
의료법인마리아의료재단마리아병원,서울특별시 동대문구 천호대로 20 (신설동),37.5743400943334,127.025164225873,A1100260,,2,
건양의료재단김안과병원,서울특별시 영등포구 영신로 136 (영등포동4가),37.519736114287,126.90148410024,A1100261,,2,
연희이비인후과의원,"서울특별시 서대문구 연희로 117, 2층 (연희동)",37.56831471437838,126.9318307782681,A1100266,,2,
오가정의학과의원,서울특별시 관악구 남부순환로230길 35 (봉천동),37.4784817032072,126.955641222813,A1100267,,2,
유안과의원,서울특별시 관악구 봉천로 520 (봉천동),37.4794598628729,126.9557052011,A1100268,,2,
홍안과의원,서울특별시 동대문구 전농로 134 (전농동),37.5768510443127,127.057996432568,A1100269,,2,
서울의원,"서울특별시 은평구 갈현로 206, 2층 (갈현동)",37.6157668787749,126.913761046143,A1100271,,2,
미애로여성의원,"서울특별시 중랑구 신내로 72, 원빌딩 4층 북측호 (신내동)",37.6054064377729,127.09566855816,A1100273,,2,
김철우내과의원,"서울특별시 중랑구 동일로 925, 2층 (묵동)",37.6129774146228,127.076857313725,A1100274,,2,
이율모이비인후과의원,서울특별시 서초구 방배로 165 (방배동),37.4882720626399,126.992817105071,A1100275,,2,
유영미서울소아청소년과의원,"서울특별시 관악구 관악로 205, 4층 (봉천동)",37.4833797372461,126.953912622908,A1100277,,2,
김동주성형외과의원,서울특별시 양천구 중앙로 277 (신정동),37.5209251971625,126.852250412499,A1100278,,2,
남서울정형외과의원,"서울특별시 강남구 일원로 33, 금성빌딩 2층 (일원동)",37.4909138011658,127.081055413987,A1100279,,2,
참조은내과의원,"서울특별시 동대문구 망우로 123, 2층 (휘경동, 휘경메디컬프라자)",37.591711720367,127.06659655052,A1100280,,2,
플로체여성의원,"서울특별시 서초구 강남대로 475, 4층 (반포동)",37.5047497261489,127.023896898208,A1100282,,2,
조내과의원,"서울특별시 동작구 장승배기로10길 49, 1,2층 (상도동)",37.5043250564914,126.941619320261,A1100284,,2,
탑메디피부과의원,"서울특별시 노원구 한글비석로 270, 스카이타워 4층 401,402호 (중계동)",37.6515705090228,127.077403153081,A1100287,,2,
정구일정형외과의원,"서울특별시 관악구 남부순환로 1782, 우주빌딩 (봉천동)",37.4814574882965,126.948170045195,A1100288,,2,
반마취통증의학과의원,"서울 동작구 상도로 65 , 금성빌딩 4층  (대방동)",37.4999838361632,126.927922011043,A1100289,,2,
클린앤미피부과의원,"서울특별시 마포구 월드컵북로 347, 6층 (상암동, 상암메디칼빌딩)",37.576345413949,126.893216249483,A1100290,,2,
송파제일정형외과의원,"서울특별시 송파구 가락로 99 (석촌동, 석촌프라자 2층)",37.501160594172184,127.10698975785569,A1100292,,2,
연세서내과의원,"서울특별시 서초구 잠원로4길 33-2, 잠원동 스타빌딩 302호, 303호일부호 (잠원동)",37.5128156550848,127.010659840374,A1100294,,2,
서초아가페의원,"서울특별시 서초구 고무래로 90-7, 406호 (서초동, 서초쇼핑)",37.4999223644377,127.01745084134,A1100295,,2,
가족사랑서울정신건강의학과의원,서울특별시 영등포구 당산로 222 (당산동5가),37.5332447828491,126.902291122854,A1100296,,2,
도도성형외과의원,"서울특별시 동대문구 천호대로 425, 3층 (장안동)",37.5618156326667,127.066468745001,A1100297,,2,
김경희건강한마음의원,서울 중구 퇴계로 77 신관 13층  (충무로1가),37.5603438884295,126.980823104019,A1100298,,2,
용가정의학과의원,"서울특별시 성북구 오패산로 16, 2층 (하월곡동)",37.6036628449752,127.037558381835,A1100301,,2,
나눔정신건강의학과의원,"서울특별시 성동구 왕십리로 339, 2층 (하왕십리동)",37.5629076652687,127.032085242674,A1100302,,2,
방학서울의원,"서울특별시 도봉구 도당로 80, 지상 3,4층 (방학동)",37.6648346469578,127.036344945016,A1100306,,2,
상쾌한이비인후과의원,"서울특별시 도봉구 도봉로 468, 4층 401호 (창동, 홍일빌딩)",37.6473861862855,127.034372618396,A1100307,,2,
허내과의원,"서울특별시 동대문구 이문로 136, 2층 F11호, F12호 (이문동, 이문동웰츠타워)",37.5984809170412,127.061872724933,A1100308,,2,
이태원내과의원,"서울특별시 동대문구 한천로 196, 2층 (장안동)",37.5778529856705,127.068366653594,A1100310,,2,
김승일마취통증의학과의원,서울특별시 동대문구 천호대로 72 (용두동),37.5736878062494,127.031421189052,A1100311,,2,
소중한유여성외과의원,"서울특별시 서초구 동작대로 108, 401호 (방배동, 디오슈페리움2)",37.48608966195583,126.98261908721281,A1100313,,2,
압구정오라클피부과의원,"서울특별시 강남구 압구정로30길 23, 4층 (신사동)",37.5258914152554,127.029494234094,A1100314,,2,
문경서정신건강의학과의원,서울특별시 광진구 능동로 390 (중곡동),37.5638286110351,127.083404745322,A1100315,,2,
잠실고운세상피부과의원,"서울특별시 송파구 올림픽로35길 123, 2층 (신천동, 향군타워)",37.5165777895252,127.101225932288,A1100317,,2,
본이비인후과의원,서울특별시 양천구 목동중앙북로 27,37.5483132652872,126.866559971213,A1100319,,2,
최윤영산부인과의원,서울특별시 은평구 통일로 731 (대조동),37.6106226649216,126.929466316371,A1100320,,2,
우리정형외과의원,"서울특별시 양천구 목동남로4길 2, 2층 206호, 209호 (신정동, 세양청마루2차 주상복합)",37.508287498257,126.864535471682,A1100321,,2,
새서울이비인후과의원,"서울특별시 동대문구 장한로 144, 2, 4층 (장안동)",37.5731435969532,127.072120365569,A1100323,,2,
연세제일의원,"서울특별시 은평구 연서로 9, 201호 (역촌동, 센타폴리스)",37.6000995302827,126.91556845327,A1100324,,2,
주함외과의원,"서울특별시 광진구 능동로 409, 2.3층 (중곡동)",37.5656080597832,127.083812284326,A1100326,,2,
정진내과의원,"서울특별시 중랑구 사가정로 401, 2층 (면목동)",37.5808527086579,127.089460523819,A1100328,,2,
이소아청소년과의원,"서울특별시 서대문구 응암로 60, 4층 (북가좌동)",37.5784637197,126.9105338439,A1100329,,2,
원문섭피부과의원,서울특별시 강동구 양재대로 1655 (명일동),37.5533530158301,127.143932300441,A1100331,,2,
파라곤내과의원,"서울특별시 양천구 목동서로 155, 지하1층 (목동, 동양파라곤)",37.5299956155624,126.875071951863,A1100334,,2,
김기찬내과의원,"서울특별시 서초구 동작대로 134, 5층 (방배동, 가나안빌딩)",37.4886546765779,126.982789345503,A1100335,,2,
이음산부인과의원,"서울특별시 서초구 서초대로 320, 2층 (서초동)",37.4942200198785,127.01657607757,A1100338,,2,
웰스킨의원,"서울특별시 서초구 반포대로 291, 원베일리 스퀘어 5층 531~534호 (반포동)",37.5049020694443,126.999480997797,A1100339,,2,
김종주신경정신과의원,"서울특별시 서초구 신반포로 157, 1동 4층 (잠원동, 잠원동 반포쇼핑)",37.5055133936715,127.001460546765,A1100343,,2,
소생의원,"서울특별시 양천구 목동중앙북로 13-1, 2층 (목동)",37.54856520495693,126.86515053116554,A1100344,,2,
목동동안의원,"서울특별시 양천구 목동로 201, 3층 (신정동)",37.5264593103148,126.863931880867,A1100345,,2,
제이앤케이의원,"서울특별시 강남구 도산대로 120, 청호빌딩 12층 (논현동)",37.5167333867393,127.021877320289,A1100348,,2,
김인철의원,"서울특별시 관악구 시흥대로 558-1, 4층 (신림동, G 밸리마인드)",37.4827842965972,126.901969289183,A1100349,,2,
유태석내과의원,"서울특별시 중구 동호로 180, 대승빌딩 5층 (신당동)",37.5544192245189,127.011312653525,A1100350,,2,
웰빙의원,"서울특별시 서초구 강남대로 455, 302호(서초동,데시앙루브)",37.5028594641113,127.024543871587,A1100351,,2,
최성호성형외과의원,"서울특별시 성동구 왕십리로 309, 왕십리역이스타빌 403호 (행당동)",37.5613776986706,127.034582633625,A1100354,,2,
사랑의안과의원,"서울특별시 성동구 고산자로 234, 5층 (행당동, 나래타워)",37.5605265052689,127.03526540093,A1100356,,2,
은의원,"서울특별시 서대문구 수색로 32, 3층 (남가좌동)",37.5694956315367,126.915117519587,A1100359,,2,
안호범안스성형외과의원,"서울특별시 노원구 노해로 460, 현대증권빌딩 2층 201호 (상계동)",37.6537175921478,127.059292282913,A1100360,,2,
류종상내과의원,"서울특별시 은평구 통일로 741, 신흥빌딩 5층 (대조동)",37.6114268242168,126.928611590744,A1100361,,2,
백이비인후과의원,서울특별시 동작구 사당로 230-1 (사당동),37.4833057767884,126.973243297085,A1100362,,2,
증산의원,서울특별시 은평구 증산서길 95 (증산동),37.5847415813548,126.907507722116,A1100363,,2,
고려안과의원,"서울특별시 서대문구 통일로 201, 2층 (영천동)",37.5711028779759,126.961104138121,A1100365,,2,
서울성형외과의원,서울특별시 노원구 노해로 482  (상계동),37.6542726157,127.0617158001,A1100366,,2,
김정자산부인과의원,서울특별시 송파구 석촌호수로 234 (석촌동),37.5076453754084,127.102735192556,A1100367,,2,
글로비성형외과의원,"서울특별시 강남구 논현로 843, EGI빌딩 5층,6층 (신사동)",37.5243951301387,127.027974583311,A1100369,,2,
김지연위쉬성형외과의원,"서울특별시 강남구 압구정로 432, 7층 (청담동)",37.5266074034274,127.044079997771,A1100370,,2,
실루엣성형외과의원,"서울특별시 강남구 압구정로 156 (신사동, 카로시티2 301,302,303호)",37.5260287469955,127.026766411038,A1100371,,2,
지킴내과의원,"서울특별시 광진구 광나루로 614 (구의동,만택빌딩 3층)",37.5407914746361,127.09583385236,A1100372,,2,
박안과의원,"서울특별시 동작구 동작대로 89, 406호 (사당동, 골든시네마타워)",37.4846140265703,126.981665713772,A1100373,,2,
이용국내과의원,서울특별시 동작구 장승배기로20길 4 (노량진동),37.5084058625589,126.940484101536,A1100374,,2,
서울유니언이비인후과의원,"서울특별시 동작구 동작대로 89, 403호 (사당동, 골든시네마타워)",37.4846140265703,126.981665713772,A1100376,,2,
한상일의원,"서울특별시 성동구 고산자로6길 40, 2층 201호 (행당동, 레몬프라자)",37.5582206987955,127.035482520519,A1100377,,2,
자애산부인과의원,"서울특별시 성동구 성덕정길 79, 1, 3층 (성수동2가)",37.5380195701809,127.052464345168,A1100378,,2,
명이비인후과의원,서울특별시 성동구 용답중앙27길 11 (용답동),37.5635019253959,127.055118753614,A1100379,,2,
서울성모의원,"서울특별시 중구 마장로9길 34, 2층 (황학동)",37.5699148966,127.0197457786,A1100380,,2,
박정근내과의원,서울특별시 관악구 난곡로 194 (신림동),37.4722697720366,126.919608982564,A1100381,,2,
노영숙산부인과의원,"서울특별시 관악구 남부순환로 1924, 201호 (봉천동, 동림빌딩)",37.4769082427966,126.96287811279,A1100382,,2,
연세양지가정의원,서울특별시 관악구 난곡로26길 13 (신림동),37.4705429317532,126.920729188095,A1100383,,2,
관악플러스내과의원,"서울특별시 관악구 난곡로 299, 5,6층 (신림동, 성안빌딩)",37.4806780051365,126.914368780839,A1100384,,2,
한양재활의학과의원,"서울특별시 동작구 상도로 234, 2층 (상도동)",37.5049588053359,126.944574053634,A1100388,,2,
이해진소아청소년과의원,서울특별시 은평구 은평로 142 (응암동),37.6004900107548,126.923483934255,A1100389,,2,
불광연세가정의학과의원,"서울 은평구 불광로 8 , 2층  (대조동)",37.6093214974958,126.927599971546,A1100390,,2,
DMC수색신경외과의원,"서울특별시 은평구 수색로 191, 두빌191 2층 (증산동)",37.5782509235095,126.901072414948,A1100391,,2,
연세안과의원,서울특별시 성동구 왕십리로 309,37.5613776986706,127.034582633625,A1100393,,2,
최혜석이비인후과의원,"서울특별시 영등포구 당산로 142-1, 2층 (당산동3가, 클리닉빌딩)",37.5273129584825,126.897307869043,A1100394,,2,
하나의원,"서울특별시 영등포구 도신로33가길 4, 1층 (도림동)",37.5103548796906,126.90751894381,A1100395,,2,
동대문메이퓨어의원,"서울특별시 중구 장충단로 253, 헬로우APM 10층 4,5호 (을지로6가)",37.567487097159,127.008078935255,A1100396,,2,
클렌피부과의원,"서울특별시 송파구 양재대로 1222 (방이동, 올림픽프라자상가 326,327호)",37.5157276361757,127.131063164753,A1100399,,2,
박상춘안과의원,서울특별시 강서구 화곡로 190 (화곡동),37.542535397598,126.842606796173,A1100400,,2,
(스카이메디)연세건강증진내과의원,"서울특별시 송파구 송파대로 371, 2층,3층,4층 (석촌동)",37.5007800420051,127.110750931193,A1100401,,2,
세란의원,"서울특별시 강남구 삼성로 651, 2층 203호 (삼성동, 래미안 라클래시)",37.5183513056476,127.050036535644,A1100402,,2,
코코메디의원,"서울특별시 동대문구 장한로 166, 2층 (장안동)",37.5751354375999,127.072248281547,A1100403,,2,
강북제일의원,"서울특별시 은평구 역말로 101, 토마스빌딩 2,3층 (역촌동)",37.6084440907806,126.920160287993,A1100405,,2,
이화내과의원,"서울특별시 서초구 서초대로 307, 3층 (서초동, 장안빌딩)",37.4944061815038,127.015132071979,A1100408,,2,
김영내과의원,서울특별시 강서구 강서로 38 (화곡동),37.531249806941,126.847319577024,A1100411,,2,
골드만비뇨기과의원,서울특별시 중구 세종대로 23 (봉래동1가),37.5590909738298,126.973844589811,A1100412,,2,
수내과의원,"서울특별시 서대문구 증가로 150, DMC2차아이파크상가 B206, B207호 (남가좌동)",37.57815702863944,126.92143101709772,A1100413,,2,
유(U)스타일9의원,"서울특별시 강남구 강남대로 406, GLASS TOWER 301호 (역삼동)",37.4989401291583,127.027622767131,A1100414,,2,
엘앤에스비뇨기과의원,"서울특별시 강북구 도봉로 217, 5,6,7층 (미아동, 25메디컬빌딩)",37.6280566256,127.0251126558,A1100416,,2,
준가정의학과의원,서울특별시 강서구 등촌로 147 (등촌동),37.5428771879604,126.862405130693,A1100417,,2,
엘유라인업의원,서울특별시 강서구 강서로 27 (화곡동),37.53030645664556,126.84727867535258,A1100419,,2,
미르성형외과의원,"서울특별시 강서구 강서로 43, 302, 303호 (화곡동, 도양라비앙타워)",37.5315215185769,126.846531702129,A1100420,,2,
코앤유의원,"서울특별시 관악구 남부순환로 1715, 3층 (봉천동)",37.4830375021915,126.940887969037,A1100421,,2,
글로벌서울성형외과의원,"서울특별시 강남구 언주로 846, 글로벌메디컬빌딩 7층 (신사동)",37.525954523882,127.033726746181,A1100422,,2,
연세이비인후과의원,"서울특별시 중구 퇴계로 438-1, 3층 (신당동)",37.5654435149501,127.020335215801,A1100423,,2,
삼성푸른의원,"서울특별시 중구 다산로42길 80, 1층 (신당동)",37.5636552679039,127.020565062769,A1100424,,2,
연세탑뷰티의원,"서울 서초구 동작대로 118 , 예다인프라자빌딩 5층 502호  (방배동)",37.4870042036257,126.982744496134,A1100425,,2,
서초준안과의원,"서울특별시 서초구 방배로 108, 3층 (방배동)",37.4838342212021,126.996444097861,A1100426,,2,
이강원이비인후과의원,"서울특별시 영등포구 영신로 238, 301호 (영등포동8가, 미소프라자)",37.5285507,126.9042128084,A1100428,,2,
연세지움피부과의원,"서울특별시 마포구 서강로 144, 9층 902호 (노고산동)",37.5544863727946,126.936628263039,A1100432,,2,
중앙내과의원,"서울특별시 강서구 방화동로 102, 102호 (방화동)",37.5694621054707,126.812998823052,A1100433,,2,
예롬성형외과의원,"서울특별시 강남구 논현로175길 7, 4층 (신사동)",37.526156245974285,127.02790329082764,A1100435,,2,
휘마의원,서울특별시 강남구 강남대로118길 42,37.5071698601107,127.026683898828,A1100436,,2,
대치엘비뇨기과의원,서울특별시 강남구 남부순환로 2941,37.4942633335042,127.061934331534,A1100439,,2,
지에스안과의원,"서울특별시 강남구 강남대로 390, 미진프라자 8,15,16층 (역삼동)",37.4978399531903,127.028578846319,A1100440,,2,
김재유내과의원,"서울특별시 강남구 개포로 615, 305호 (개포동)",37.4926580850327,127.07558248914,A1100441,,2,
정의원,"서울특별시 성북구 동소문로 43, 지상2층 (동소문동4가)",37.5906277076958,127.010147934769,A1100442,,2,
아름다운미탐의원,"서울특별시 중구 퇴계로 123, 8층 810호 (충무로2가, 하이헤리엇)",37.5612658980395,126.985364301804,A1100444,,2,
로하스에스오티의원,"서울특별시 서초구 서운로 39, 2층 (서초동)",37.4873957672,127.0284983183,A1100446,,2,
서초오라클피부과의원,"서울특별시 서초구 서초중앙로 36, 6층 (서초동, 준영빌딩)",37.48556823488,127.016208730523,A1100447,,2,
박재균이비인후과의원,"서울특별시 양천구 등촌로 224, (목동)",37.5495569263704,126.86404437345,A1100449,,2,
열린이비인후과의원,"서울특별시 양천구 중앙로 275, 4층 (신정동,조흥은행)",37.520780918493195,126.85222784657652,A1100451,,2,
김병후정신건강의학과의원,"서울특별시 서초구 반포대로 287, 407,408-1호 (반포동, 래미안퍼스티지중심상가)",37.5043279449175,127.001088324244,A1100452,,2,
안내과의원,"서울특별시 중구 퇴계로 61, 금오빌딩 5층 (남창동)",37.5593685043943,126.978916169827,A1100453,,2,
안장훈내과의원,"서울특별시 관악구 성현로 80, 213호 (봉천동, 드림타운 주상가)",37.4898474387668,126.952985510916,A1100455,,2,
명동하나이비인후과의원,"서울특별시 중구 남대문로 68, 3층 (명동2가, 고려빌딩)",37.5631099932315,126.98226380533,A1100457,,2,
우리이비인후과의원,"서울특별시 영등포구 대림로 157, 2층 (대림동)",37.4948720878104,126.89946162017,A1100458,,2,
신대방성모내과의원,"서울특별시 관악구 난곡로 367 (신림동, 경신빌딩)",37.4867009567317,126.913354117853,A1100459,,2,
동안피부과의원,"서울특별시 구로구 새말로 89, 태영빌딩 4층 (구로동)",37.5056097068416,126.889834342021,A1100460,,2,
정비뇨기과의원,"서울특별시 구로구 경인로 211-1, (오류동)",37.496525424891,126.844358057597,A1100461,,2,
대신의원,"서울특별시 강서구 양천로 461, 3층 (가양동)",37.5630457825024,126.852223862157,A1100462,,2,
제민정형외과의원,"서울특별시 광진구 광나루로 355, 지하1.4층 (군자동)",37.5483783057086,127.069340761342,A1100463,,2,
드림성모안과의원,서울특별시 은평구 은평로 136 (응암동),37.6002632124439,126.923039015434,A1100464,,2,
민현조내과의원,"서울특별시 노원구 동일로 1101, 5층 (공릉동, 하니빌딩)",37.6282542576144,127.071009933961,A1100465,,2,
강서성모내과의원,"서울특별시 강서구 양천로 658, 302호 (염창동, 양화진빌딩)",37.5523079799238,126.86991587864,A1100466,,2,
진산부인과의원,"서울특별시 강동구 천호대로 1006, 101동 604,605호 (성내동, 브라운스톤)",37.5380513979559,127.123788971242,A1100467,,2,
라일락산부인과의원,"서울특별시 광진구 아차산로 375, 2층 214호 (구의동, 크레신타워)",37.5370799042659,127.084368022992,A1100469,,2,
박상내과의원,"서울특별시 광진구 뚝섬로 587, 2층 (자양동)",37.533480702088,127.075408022106,A1100470,,2,
양의원,"서울특별시 송파구 올림픽로4길 40, 3층 33호 (잠실동, 우성아파트비상가)",37.5071938064643,127.074204083657,A1100471,,2,
빛샘가정의학과의원,"서울특별시 송파구 중대로 80 (문정동, LG문정프라자 3층)",37.4917620371568,127.117842816756,A1100472,,2,
고정인정신건강의학과의원,"서울특별시 강남구 테헤란로 313, 211~212호 (역삼동, 성아하이츠 1차)",37.5038016513092,127.045261212369,A1100474,,2,
연세인의원,"서울특별시 강남구 강남대로122길 50, 2층(논현동)",37.5089118642243,127.027074158958,A1100476,,2,
티엘안과의원,"서울특별시 송파구 마천로5길 4 (오금동, 삼대양빌딩 5층 가호)",37.5087196639741,127.126738418257,A1100478,,2,
한피부과의원,"서울특별시 중구 명동길 26, 유네스코회관 3층 (명동2가)",37.5634574532023,126.983764788709,A1100479,,2,
태능제일의원,서울특별시 중랑구 동일로 770 (중화동),37.599229301939005,127.08024352869398,A1100480,,2,
카이로스의원,"서울특별시 강남구 테헤란로88길 10, 신안메트로칸 205호, 지하1층 110호 (대치동)",37.5068438170208,127.059463197882,A1100481,,2,
삼성이비인후과의원,"서울 서초구 강남대로 375 , 서초현대타워아파트 4층  (서초동, 서초현대타워아파트)",37.4963476993282,127.027852956171,A1100482,,2,
연세로뎀정신건강의학과의원,"서울 마포구 서강로 142 , 서일빌딩 3층  (노고산동)",37.5543861268863,126.936358546507,A1100483,,2,
강남연세신통의원,"서울특별시 강남구 선릉로 328, 2층 2호,3호 (대치동)",37.4990331412977,127.051899209649,A1100484,,2,
제일정형외과의원,"서울특별시 중구 다산로 172, 제일정형외과 1~3, 5,6층 (신당동)",37.5587482269835,127.013238811251,A1100487,,2,
관악오라클피부과의원,"서울특별시 관악구 관악로 217, 5층 (봉천동, 동진빌딩)",37.4843787109112,126.954677353454,A1100489,,2,
서울가정의학과의원,"서울 서대문구 세검정로1길 95   (홍은동, 홍은벽산아파트)",37.5959199688468,126.94569176914,A1100492,,2,
손홍주내과의원,"서울특별시 관악구 난곡로 295, 2~3층 (신림동)",37.4803620423,126.9145221116,A1100493,,2,
신창최정형외과의원,서울특별시 도봉구 덕릉로 258 (창동),37.640299618227,127.039988789748,A1100494,,2,
조이비인후과의원,"서울특별시 구로구 구로동로 135, 남부빌딩 3층 (구로동)",37.4906411011165,126.88370977403,A1100497,,2,
봉봉성형외과의원,"서울특별시 강남구 논현로 657, 1~4층 (논현동, 그린빌딩)",37.5125537247845,127.031096936027,A1100500,,2,
박앤김내과의원,"서울특별시 성북구 장위로 127-1, 한양빌딩 5층 (장위동)",37.6136719083634,127.050861791245,A1100502,,2,
이내과의원,서울특별시 양천구 월정로 57,37.52472333143247,126.84143477284175,A1100503,,2,
우리봄소아청소년과의원,"서울특별시 성북구 월계로40길 7, 2층 208호 (장위동, 센트럴타운)",37.6229473543321,127.048397229405,A1100504,,2,
고운숨결내과의원,"서울특별시 성북구 고려대로13길 8, 3,4층 (안암동2가)",37.5869966613958,127.023677137625,A1100506,,2,
최강식내과의원,"서울특별시 성북구 동소문로 92, 5,6층 (동소문동5가)",37.5921675534937,127.01549221016,A1100507,,2,
요셉이비인후과의원,서울특별시 광진구 아차산로 220,37.5406341134418,127.067657144585,A1100509,,2,
김종서성형외과의원,"서울특별시 강남구 논현로 842, 압구정빌딩, 2층일부 (신사동)",37.5240379714226,127.028730922791,A1100510,,2,
아델산부인과의원,서울특별시 강남구 논현로 64,37.4758989780329,127.046877547541,A1100511,,2,
서울탑정신건강의학과의원,"서울특별시 관악구 관악로 168 (봉천동, 대우슈페리움2단지)",37.4802159296703,126.952984762396,A1100512,,2,
송신경정신과의원,"서울특별시 종로구 인사동5길 25, 하나로빌딩 401호 (인사동)",37.572096723033496,126.98539321087273,A1100515,,2,
종로세브란스의원,"서울특별시 종로구 종로41길 4, 2층 (종로6가)",37.5714985855189,127.006875511622,A1100516,,2,
산소의원,"서울특별시 종로구 수표로 105, 3층 (종로2가, 육의전빌딩)",37.5705989139519,126.989152966372,A1100517,,2,
박우형안과의원,"서울특별시 서초구 사임당로 151, 3층 311,312호 (서초동, 대한무지개종합상가)",37.4920676848724,127.025692827371,A1100520,,2,
대방연세재활의학과의원,"서울특별시 동작구 여의대방로 250, 4-9호 (대방동, 대림아파트(상가동))",37.5087434455459,126.924517791265,A1100522,,2,
김문성이비인후과의원,"서울특별시 서대문구 증가로 122, 202호 (남가좌동)",37.5773686267038,126.924277064509,A1100523,,2,
이용진창문외과의원,서울특별시 서대문구 통일로 451 (홍제동),37.5886701766902,126.943849906806,A1100524,,2,
유의원,"서울특별시 서초구 서초대로78길 26, 3층 (서초동)",37.4953622078841,127.027726616132,A1100526,,2,
한솔정형외과의원,"서울특별시 구로구 개봉로 13, 1-2층 (개봉동)",37.4867890597467,126.856086277292,A1100528,,2,
최석용정형외과의원,"서울특별시 구로구 경인로59길 8, 301,302,318호 (신도림동)",37.5063918465946,126.883427027522,A1100529,,2,
닥터맘소아청소년과의원,서울특별시 강북구 삼양로27길 35-21 (미아동),37.6179766319717,127.018934343303,A1100531,,2,
아비쥬의원,"서울특별시 노원구 동일로 1417, 삼양빌딩 2(201호), 5층 (상계동)",37.6550688080345,127.059980216361,A1100533,,2,
서울정가정의학과의원,"서울특별시 노원구 덕릉로73길 18, 4층 (중계동)",37.6521796648241,127.072435497752,A1100534,,2,
안용태내과의원,"서울 구로구 경인로59길 8 , 태영프라자 307호  (신도림동)",37.5063918465946,126.883427027522,A1100535,,2,
서피부과의원,서울특별시 마포구 양화로 128 (서교동),37.5543499095967,126.920999483231,A1100536,,2,
남산의원,"서울특별시 마포구 대흥로 169-0, 201호 (대흥동, 베스텔)",37.5540914740486,126.945685016981,A1100537,,2,
다사랑산부인과의원,서울특별시 강동구 천호대로 1124 (성내동),37.5343360769717,127.136192062668,A1100539,,2,
힐링산부인과의원,"서울특별시 노원구 노해로 485, 7층 (상계동, 금정빌딩)",37.6548752644222,127.06192277535,A1100540,,2,
이강보산부인과,서울특별시 도봉구 도봉로 465 (쌍문동),37.64746602957419,127.0335324047501,A1100541,,2,
다사랑신경외과의원,"서울특별시 도봉구 도봉로 677, 우리들메디빌딩 2층 203호 (방학동)",37.6649297808959,127.042318316334,A1100542,,2,
가족건강의원,서울특별시 도봉구 해등로 218 (쌍문동),37.6581564278861,127.032521026155,A1100543,,2,
김안과의원,"서울특별시 금천구 시흥대로 224, 금천리메인시티 503,504,505,508호 (시흥동)",37.4539384154465,126.901396188424,A1100547,,2,
미래비뇨기과의원,"서울특별시 노원구 동일로203가길 29, 296-297호(중계동,브라운스톤)",37.6398759609875,127.06428375943,A1100549,,2,
상계성모정형외과의원,"서울특별시 노원구 동일로 1643 (상계동, 상계성모정형외과의원)",37.6751950180364,127.054962545973,A1100550,,2,
더멘토성형외과의원,"서울특별시 강남구 학동로 337, H타워 2,3층 (논현동)",37.5170718563031,127.039928031242,A1100553,,2,
위드소아청소년과의원,"서울특별시 강동구 올림픽로 783, 2층 (암사동)",37.5511436157073,127.127611666932,A1100555,,2,
오세기산부인과내과의원,"서울특별시 송파구 오금로 111, 705호 (방이동, 세기빌딩)",37.512600208515,127.108249353562,A1100557,,2,
나도균한의원,"서울특별시 강남구 학동로 338  (논현동, 강남파라곤)",37.5165402749359,127.04016223452,A1100560,,2,
서울산부인과의원,서울특별시 강서구 금낭화로 91-2 (방화동),37.57370722738506,126.8110767201639,A1100561,,2,
신안과의원,서울특별시 강서구 가로공원로76길 91 (화곡동),37.5332263428651,126.838983943062,A1100562,,2,
구로의원,서울특별시 구로구 구로동로 128 (구로동),37.49008519449278,126.88428281385201,A1100564,,2,
본베스트정형외과의원,"서울특별시 강서구 공항대로 627, 대신빌딩 3층 (염창동)",37.5472872158845,126.874538741651,A1100566,,2,
최이비인후과의원,"서울특별시 도봉구 도봉로 575, 308호 (쌍문동, 삼환프라자)",37.6564054566286,127.038790046328,A1100568,,2,
다나이비인후과의원,"서울특별시 마포구 큰우물로 53, 302호 (염리동)",37.5422914154608,126.94462959649,A1100569,,2,
푸른이비인후과의원,"서울특별시 마포구 독막로 2, 2층 (합정동)",37.5484943057246,126.913639782796,A1100570,,2,
채움마취통증의학과의원,"서울특별시 강동구 천호대로 1116, 3층 (성내동)",37.5346033324204,127.135156170058,A1100571,,2,
천호에스정형외과의원,"서울특별시 강동구 천호대로 1015, 6층 (천호동, 성보빌딩)",37.5385041121306,127.125107663778,A1100573,,2,
시원한이비인후과의원,"서울특별시 노원구 동일로204가길 34, 305호 (중계동, 씨앤미빌딩)",37.6407495352012,127.068172151465,A1100574,,2,
장대국내과의원,"서울특별시 노원구 노해로 452, 노빌리안골드 (상계동)",37.6535043114989,127.058425653348,A1100575,,2,
조은내과의원,"서울특별시 강남구 개포로 504, 메트하임 401,402,501호 (개포동)",37.4890546234463,127.067186912363,A1100576,,2,
고우석제이엠오피부과의원,"서울특별시 강남구 도산대로 104, 1st Avenue 지하1층 (논현동)",37.5160774603566,127.020341155484,A1100577,,2,
시너지성형외과의원,"서울 강남구 도산대로 157 , 신웅타워2 6~7층  (신사동)",37.5190318997662,127.025642795762,A1100579,,2,
닥터티제이의원,"서울특별시 강남구 삼성로 212- , 2층 (대치동, 은마아파트)",37.49527722342668,127.06356721063614,A1100583,,2,
닥터웰니스의원,"서울특별시 강남구 선릉로 660, 208호 (삼성동,브라운스톤레전드)",37.5155511161052,127.042332457469,A1100584,,2,
리붐내과의원,"서울특별시 강남구 압구정로 130, 2층 (신사동)",37.5241470917534,127.022921489083,A1100585,,2,
선정형외과의원,"서울특별시 동대문구 고산자로 410, 2,3층 (용두동)",37.5762685931865,127.038769042278,A1100586,,2,
메디서울이비인후과의원,"서울특별시 구로구 고척로 123-1, 2,3층 (개봉동)",37.5022321898051,126.84779803328,A1100587,,2,
삼성정형외과의원,"서울특별시 구로구 개봉로 66, 지하1층,1~2층일부 &#40;개봉동&#41;",37.4915525068167,126.856236802961,A1100588,,2,
수유정형외과의원,"서울특별시 강북구 덕릉로 75, 3층 (수유동, 석우빌딩)",37.63482544338642,127.02205600542976,A1100590,,2,
한양재활의학과의원,서울특별시 강동구 양재대로 1365 (성내동),37.5280657478158,127.135874866354,A1100591,,2,
세인트비뇨기과의원,"서울특별시 강남구 도산대로 110, 405호 (논현동, 케이비엘 센터)",37.5162788961317,127.021019329669,A1100593,,2,
하나정신과의원,"서울특별시 강남구 남부순환로 2941, 4층 (대치동)",37.4942633335042,127.061934331534,A1100594,,2,
가람내과의원,"서울특별시 강동구 아리수로50길 50, 4층 11호 (고덕동, 래미안힐스테이트고덕)",37.5576891371776,127.148600236458,A1100595,,2,
라인업의원,"서울특별시 구로구 새말로 97, 신도림테크노마트 B1층 (구로동)",37.5070438414784,126.890227293528,A1100596,,2,
정훈비뇨기과의원,서울특별시 강서구 공항대로41길 75 (등촌동),37.5611486390411,126.846360147398,A1100597,,2,
동서가정의학과의원,"서울특별시 강서구 양천로57길 9-7, 6층 (가양동)",37.5634032951544,126.851432217142,A1100598,,2,
연세진내과의원,서울특별시 강서구 양천로 606 (등촌동),37.555193002514,126.865202758265,A1100599,,2,
이미지업성형외과의원,"서울특별시 서초구 나루터로 76, 이미지업빌딩 1,2층 (잠원동)",37.51545514239026,127.01809354562482,A1100600,,2,
강남코모키이비인후과의원,서울특별시 강남구 강남대로 378 준빌딩 4층 (역삼동),37.4966553866955,127.02863346709,A1100604,,2,
정내과의원,서울특별시 마포구 망원로 82  (망원동),37.5574054760448,126.905900464832,A1100605,,2,
한현언성형외과의원,서울특별시 동작구 시흥대로 676 (신대방동),37.491701099129,126.909157592901,A1100611,,2,
문가정의학과의원,"서울특별시 노원구 한글비석로48길 6, 205호 (상계동, 한신2차상가)",37.665212193322,127.067719058088,A1100612,,2,
행복한피부과의원,"서울특별시 노원구 노해로 485, 5층 (상계동, 금정빌딩)",37.6548752644222,127.06192277535,A1100613,,2,
보스안과의원,"서울특별시 노원구 한글비석로 264, 302호, 303호(중계동)",37.6511587125973,127.077337907538,A1100614,,2,
예랑마취통증의학과의원,"서울특별시 노원구 한글비석로 264, 307호 (중계동,그랜드프라자)",37.65094664937018,127.07701949040415,A1100615,,2,
강미자산부인과의원,"서울특별시 동작구 상도로 81, 대방동크리닉센타 6층 (대방동)",37.4999513063416,126.929559239366,A1100616,,2,
제이미즈산부인과의원,"서울특별시 금천구 시흥대로 399, 시티렉스 408호 (독산동)",37.4693591753013,126.897001948519,A1100618,,2,
현대재활의학과의원,서울특별시 금천구 금하로 720 (시흥동),37.4504425566682,126.909481684032,A1100619,,2,
루쎄여성의원,"서울 강남구 강남대로 432 , 점프밀라노 7층  (역삼동)",37.5012350392984,127.026630556235,A1100620,,2,
쿠키성형외과의원,"서울특별시 강남구 테헤란로 105, 9층 (역삼동)",37.4986369952659,127.028529843894,A1100621,,2,
노블앤코의원,"서울특별시 강남구 강남대로 422, 10층(역삼동, 롯데시네마시티점)",37.5003941401087,127.026984908497,A1100622,,2,
김주영이비인후과의원,서울특별시 강북구 도봉로 353-1 (수유동),37.6392225903467,127.026533120813,A1100625,,2,
닥터포유의원,"서울특별시 강북구 도봉로 191 (미아동, 상아빌딩)",37.6257694478007,127.026050410216,A1100626,,2,
연세필의원,서울특별시 구로구 경인로 31-28 (온수동),37.4914302668122,126.825000082983,A1100629,,2,
연세필정신과의원,"서울특별시 관악구 남부순환로 2056, 2층 (남현동, 태림빌딩)",37.476303776864185,126.9772083533432,A1100632,,2,
열린이비인후과의원,"서울특별시 구로구 남부순환로97길 3, KS프리미어빌딩 402호 (개봉동)",37.49393075625778,126.85818199514291,A1100633,,2,
어반힐의원,"서울특별시 강남구 도산대로67길 7, 파크빌딩 2층 (청담동)",37.5244894827177,127.044387474036,A1100634,,2,
온트재활의학과의원,"서울특별시 서초구 강남대로53길 12, 솔라티움시티 강남 302~305,309호 (서초동)",37.4943931800281,127.027705111719,A1100635,,2,
열린산부인과의원,"서울특별시 성북구 정릉로36길 28-5, 열린산부인과 (정릉동)",37.6024830784581,127.016905036678,A1100636,,2,
해피아이리스의원,"서울특별시 송파구 오금로 543, 6층 (거여동)",37.4930260696894,127.149025326101,A1100638,,2,
유앤피부과의원,"서울특별시 송파구 백제고분로 276 (석촌동, 공익빌딩 2층 201-1호)",37.50209150182258,127.09726064664673,A1100639,,2,
연세힐의원,서울특별시 송파구 마천로 68 (오금동),37.507674704,127.127885759,A1100640,,2,
연세원의원,"서울특별시 송파구 백제고분로 512, 로가디스빌딩 3층 (방이동)",37.5156182854549,127.115862606696,A1100641,,2,
삼성키즈소아청소년과의원,서울 성동구 독서당로 223   (옥수동),37.5442707521164,127.015191933825,A1100642,,2,
연세더블유산부인과의원,"서울특별시 성동구 왕십리로 327, 4층 (하왕십리동)",37.5623942326737,127.033224444422,A1100643,,2,
이브성형외과의원,"서울특별시 강남구 봉은사로5길 4, 2,3,4층 (논현동)",37.5054724307876,127.02639749634,A1100644,,2,
연세와이비의원,"서울특별시 강남구 도산대로49길 17, 산딸기빌딩 2층 (신사동)",37.524062693803,127.037021252789,A1100645,,2,
센터맨남성의원,"서울특별시 성동구 고산자로 255, 8층 (도선동, 케이 타워)",37.5625820889316,127.035699072815,A1100646,,2,
노태영내과의원,서울특별시 광진구 긴고랑로 115 (중곡동),37.5593024137751,127.087932298738,A1100647,,2,
백기훈신경과의원,서울특별시 양천구 오목로 232,37.5257642505039,126.863206293208,A1100648,,2,
수이비인후과의원,"서울특별시 강남구 테헤란로 328, 동우빌딩 401,402호 (역삼동)",37.50371784794226,127.04768218276682,A1100649,,2,
담소유병원,"서울특별시 강남구 학동로 234, 담소유빌딩 (논현동)",37.5148604879121,127.03461432013,A1100650,,2,
대치오라클피부과의원,"서울특별시 강남구 선릉로 319, 2층 (역삼동)",37.4980396626336,127.051760330195,A1100651,,2,
센텀메디의원,"서울특별시 강남구 선릉로63길 9, 백림빌딩 2층 (역삼동)",37.4971636638659,127.05144014643,A1100654,,2,
세진피부과의원,"서울특별시 강남구 언주로172길 30, 3,4 층 (신사동)",37.5272539303485,127.03622367424,A1100656,,2,
세진성형외과의원,"서울특별시 강남구 언주로172길 30, 5층 (신사동)",37.5272539303485,127.03622367424,A1100657,,2,
백운규안과의원,"서울특별시 송파구 올림픽로35길 112, 1동 306호 (신천동, 장미아파트비상가)",37.5178866228576,127.101917258808,A1100662,,2,
박이비인후과의원,서울 동대문구 전농로 147   (전농동),37.5779860214922,127.057268822936,A1100663,,2,
드림성형외과의원,"서울특별시 강남구 논현로 848, 2층,5층,6층,7층,10층일부 (신사동)",37.5245744023832,127.0288370151,A1100664,,2,
로빈의원,"서울특별시 강남구 테헤란로64길 20, 302호 (대치동)",37.5036212499537,127.051264642306,A1100666,,2,
국민체력센터의원,"서울특별시 송파구 올림픽로 424, 국민체력센터의원 (방이동)",37.5203396980951,127.11551787662698,A1100669,,2,
최내과의원,"서울특별시 강남구 남부순환로359길 4, 2층 (도곡동)",37.485453738126,127.037229911154,A1100670,,2,
김문수의원,"서울특별시 마포구 독막로 268, 305호 (대흥동, 태영아파트종합상가)",37.5456782525152,126.942886599534,A1100671,,2,
연세태산내과의원,"서울특별시 강서구 수명로 68-11, 3층 301~303호 (내발산동, 발산타워)",37.5522964793753,126.826550185758,A1100672,,2,
설레임의원,"서울특별시 강남구 강남대로 376, 4층 (역삼동, 강남8258빌딩)",37.4965660631811,127.028772413762,A1100673,,2,
강남삼성드림이비인후과의원,"서울특별시 강남구 강남대로 372 (역삼동, FINE TOWER)",37.4960350270018,127.029070411585,A1100674,,2,
이태원제일의원,"서울특별시 용산구 회나무로 23 (이태원동, 제일의원)",37.5393451096727,126.989201170951,A1100676,,2,
새천년연세의원,"서울특별시 서대문구 홍연길 87, 2층 (연희동)",37.5768701260661,126.931228062773,A1100677,,2,
합정고려의원,"서울특별시 마포구 망원로 69, 2층 (망원동)",37.5574153066539,126.90456553807,A1100678,,2,
베스트본의원한의원,"서울특별시 마포구 월드컵북로 19, 대상빌딩 5,6층 (서교동)",37.5563809603233,126.919696961326,A1100679,,2,
탑클래스성형외과의원,"서울특별시 강남구 강남대로 416, 창림빌딩 5층 (역삼동)",37.4997988058128,127.027157607819,A1100680,,2,
도브의원,"서울특별시 강남구 도산대로 174, 8층 (논현동, 정안빌딩)",37.5191214549019,127.027659615605,A1100682,,2,
목동미소가인피부과의원,"서울특별시 양천구 오목로 345, 목동 슬로우스퀘어 5층 (목동)",37.5247775349288,126.875820730078,A1100683,,2,
큐오필앤결의원,"서울특별시 강남구 강남대로 468, 충림빌딩 8층 (역삼동)",37.5041557043851,127.025145513654,A1100684,,2,
눈피부과의원,"서울특별시 강남구 도산대로27길 33, 201호 (신사동)",37.5220964864574,127.027229149732,A1100686,,2,
뉴헤어모발성형외과의원,"서울특별시 강남구 테헤란로 115 (역삼동, 서림빌딩 15층)",37.4990612091283,127.029905723263,A1100687,,2,
이인수정신건강의학과의원,서울특별시 강남구 압구정로73길 8,37.5265789887299,127.046515550868,A1100689,,2,
리즈산부인과의원,"서울특별시 강남구 도산대로 127 (신사동, 경서빌딩 3층, 4층일부)",37.5176251157761,127.022327330675,A1100690,,2,
장석하정신건강의학과의원,"서울특별시 강동구 올림픽로 787, 2층 202호 (암사동, 태성프라자)",37.5515454300024,127.127723369224,A1100692,,2,
연세선경의원,"서울특별시 동대문구 사가정로 148, 3층 (전농동, SK아파트상가)",37.5766590358858,127.061567688813,A1100693,,2,
다온소아청소년과의원,"서울특별시 강동구 아리수로 427, 504호 (강일동)",37.5649623335076,127.174603355856,A1100694,,2,
연세위더스여성의원,"서울특별시 마포구 양화로 178, 11층 (동교동, 목화빌딩)",37.5575046128363,126.925213220295,A1100695,,2,
정정형외과의원,"서울특별시 서대문구 통일로 433, 5층 (홍제동)",37.5875917300777,126.945087101126,A1100696,,2,
이쁜여성의원,"서울특별시 강남구 강남대로 596, 극동빌딩 401호 (논현동)",37.515034914424106,127.02030931418668,A1100697,,2,
열린정형외과의원,"서울특별시 서대문구 증가로 124, 2층 (남가좌동)",37.57747837895665,126.92387416403845,A1100703,,2,
김현영산부인과의원,"서울특별시 강서구 강서로 43, 402,403호 (화곡동, 도양라비앙타워)",37.5315215185769,126.846531702129,A1100708,,2,
도현의원,"서울특별시 강서구 강서로 380, 3층 (등촌동, 세민빌딩)",37.5594884014712,126.83887821316,A1100709,,2,
아름다운나라피부과의원,"서울특별시 강남구 강남대로 390 (역삼동, 1201호 일부)",37.4978399531903,127.028578846319,A1100710,,2,
라르떼의원,"서울특별시 강서구 강서로 161, 4,5층 (화곡동)",37.5411333083482,126.840558418071,A1100711,,2,
박기호내과의원,"서울특별시 강서구 강서로 267, 3층 G030호 (내발산동, 송화쇼핑센터)",37.5496000614643,126.835941270275,A1100714,,2,
발산연세이비인후과의원,"서울특별시 강서구 강서로 360, 203호 (내발산동, 솔레드림)",37.5576945764491,126.838393605308,A1100715,,2,
삼성마취통증의학과의원,"서울 강서구 강서로 43 , 도양라비앙타워 401호  (화곡동)",37.5315215185769,126.846531702129,A1100716,,2,
이상각이비인후과의원,서울특별시 은평구 통일로 833  (대조동),37.61769687311635,126.92199478671763,A1100718,,2,
고려정형외과의원,"서울특별시 중랑구 동일로 905, 4층 5층 (묵동)",37.6111164065523,127.0772952912,A1100721,,2,
라르떼의원,"서울특별시 강남구 테헤란로 401, 8층 1호 (삼성동, 남경빌딩)",37.5049703247826,127.049145898783,A1100726,,2,
비비라인맆팅의원,"서울 서초구 강남대로 463 , 지하2층  (서초동)",37.5034475706091,127.024446802561,A1100734,,2,
비알피부과의원,"서울특별시 강남구 논현로 857, A857 4층 일부 (신사동)",37.5253452973989,127.028099944398,A1100735,,2,
밸런스정형외과의원,"서울특별시 강서구 양천로 510, 현대프린스텔 2층 201,213,214호 (등촌동)",37.5601170390069,126.856339450696,A1100737,,2,
우리가정의학과의원,서울특별시 마포구 월드컵로25길 58 (망원동),37.5579535116605,126.904280437588,A1100738,,2,
금천하나의원,"서울특별시 금천구 시흥대로 403, 5,6층 (독산동, 셈프레팜)",37.4698086627095,126.897489343069,A1100740,,2,
지인내과의원,"서울특별시 종로구 율곡로 202-7, 제일빌딩 A,B동 3층 (연건동)",37.5756642567309,127.001415728576,A1100742,,2,
나루이비인후과의원,"서울특별시 강서구 마곡중앙5로 6, 마곡나루역보타닉푸르지오시티 2층 232호 (마곡동)",37.5673140391214,126.827554917518,A1100744,,2,
마이디피부과의원,"서울특별시 은평구 연서로 146 (대조동, 3층)",37.6118256229728,126.917712097114,A1100746,,2,
자애내과외과의원,"서울특별시 강북구 도봉로 393 (수유동, 자애의원)",37.6420131276641,127.029533511325,A1100748,,2,
보아스이비인후과의원,"서울특별시 중랑구 겸재로 181, 2층 (면목동)",37.588655215938,127.087781697905,A1100749,,2,
코아이비인후과의원,"서울특별시 강서구 양천로57길 9-7, 2층 (가양동)",37.5634032951544,126.851432217142,A1100750,,2,
권이비인후과의원,"서울특별시 중랑구 망우로 203, 201호 (중화동, 동양엔파트상가)",37.5939956436071,127.075008982696,A1100751,,2,
포에버의원,"서울특별시 강서구 양천로 476, 금부빌딩 4층 406호 (등촌동)",37.561600180512706,126.85327195846601,A1100752,,2,
서전성모안과의원,"서울특별시 관악구 은천로 110, 202호 (봉천동, 더블유에스타워)",37.4866845060437,126.947348941536,A1100754,,2,
영재소아청소년과의원,"서울특별시 마포구 창전로 45, 103동 110호 (창전동, 서강한화오벨리스크)",37.54701557860176,126.93224977364073,A1100757,,2,
노인화산부인과의원,"서울특별시 강남구 테헤란로 339, 6층 (역삼동)",37.5048110738687,127.048597161488,A1100758,,2,
상쾌한이비인후과의원,"서울특별시 강서구 화곡로 176-4, 3층 (화곡동)",37.54165776434,126.841148635684,A1100760,,2,
강북삼성의원,"서울특별시 강북구 삼양로77가길 9, 3층 (수유동)",37.6295503718109,127.017036799373,A1100762,,2,
연세가정의학과의원,"서울특별시 송파구 새말로 134, 2층 (문정동)",37.483099497403,127.129120127993,A1100763,,2,
연세이비인후과의원,"서울특별시 성북구 동소문로 12, (동소문동2가)",37.5888360967395,127.00758339677,A1100764,,2,
생생마취통증의학과의원,"서울특별시 중랑구 겸재로 178, 2층 (면목동)",37.588132346722,127.087205459165,A1100765,,2,
하이의원,"서울특별시 강서구 화곡로 157, 202호 (화곡동)",37.5415777854068,126.839107538296,A1100766,,2,
현대중앙의원,"서울특별시 강서구 양천로 128, 2층 201호 (방화동, 한림리첸빌)",37.5731356881546,126.818164008437,A1100768,,2,
종로연세의원,"서울특별시 종로구 종로 272, 동대문종합시장 신관 7층 (종로6가)",37.5708187075358,127.008091407146,A1100771,,2,
김형준가정의학과의원,"서울특별시 광진구 자양로 160, 2층 (구의동)",37.5418814269068,127.084235613044,A1100772,,2,
주영식이비인후과의원,"서울특별시 강북구 도봉로 345 (수유동, 현치과)",37.6386649329489,127.025892553917,A1100776,,2,
웰비뇨기과의원,"서울특별시 강동구 양재대로 1620, 3층 (명일동)",37.5500468701064,127.14410100908,A1100780,,2,
유니메디성형외과의원,서울특별시 강남구 논현로 833  (신사동),37.5228295670581,127.027894925038,A1100781,,2,
로앤산부인과의원,"서울특별시 광진구 아차산로 241, 7층 (화양동, 연한빌딩)",37.5405050771385,127.070150304742,A1100782,,2,
대치연세안과의원,"서울특별시 강남구 도곡로 408, 디마크 빌딩 407호 504호 (대치동)",37.4966225187716,127.055233195315,A1100783,,2,
제이제이비뇨기과의원,"서울특별시 강남구 강남대로 238, 스카이쏠라빌딩 (도곡동)",37.4849665053325,127.034757121285,A1100784,,2,
제이미성형외과의원,"서울특별시 강남구 압구정로 136, 3층 (신사동, 엔와이빌딩)",37.5244779493164,127.023784859069,A1100788,,2,
연세오케이마취통증의학과의원,"서울특별시 강남구 선릉로 517, 비젼빌딩 2, 3층 (역삼동)",37.5057199231179,127.048144226677,A1100790,,2,
아이온소아청소년과의원,"서울특별시 구로구 경인로 661, 신도림1차푸르지오 211,212호 (신도림동)",37.5096619486431,126.887986372819,A1100792,,2,
장홍석정신건강의학과의원,"서울특별시 강남구 선릉로 510, 402호(삼성동, 오성빌딩)",37.5051706998603,127.048949353738,A1100794,,2,
올리브피부과의원,"서울특별시 강남구 선릉로 225, 도곡렉슬상가 3층 306호 (도곡동)",37.4953648706654,127.052720025644,A1100795,,2,
강상용내과의원,"서울특별시 강서구 강서로 52, 화곡판타지아 2층 201~203호 (화곡동)",37.5324910211764,126.846690598628,A1100797,,2,
성요한의원,"서울특별시 동대문구 망우로 19, 2층 (휘경동)",37.5881303552149,127.055465821895,A1100798,,2,
수운내과의원,"서울특별시 동대문구 제기로 75-1, 1층 (청량리동)",37.58685152,127.0415747092,A1100799,,2,
성모본내과의원,"서울특별시 강서구 공항대로 627, 5층 (염창동, 대신빌딩)",37.5472872158845,126.874538741651,A1100803,,2,
유진미의원,서울특별시 서대문구 수색로 56,37.5708392186912,126.912313925866,A1100804,,2,
서대문연세이비인후과의원,"서울특별시 서대문구 통일로 131, 공화당빌딩 5층 (충정로2가)",37.5661512162168,126.965860900154,A1100809,,2,
서울성모내과의원,"서울특별시 서대문구 연희로 85, 3층 (연희동, 인사이드빌딩)",37.56598543064168,126.92991411550476,A1100811,,2,
참다나의원,"서울특별시 서대문구 연희로 139-6, 2,3,4층 (연희동)",37.5702370474981,126.933029332947,A1100812,,2,
오라(AURA)성형외과의원,"서울특별시 강남구 학동로 337, H타워 4층 (논현동)",37.5170718563031,127.039928031242,A1100817,,2,
예진성형외과의원,"서울특별시 강남구 논현로168길 37, 1,2층 (신사동)",37.5233351617635,127.031320872522,A1100818,,2,
예정홀릭성형외과의원,"서울특별시 강남구 강남대로 402, 4층 (역삼동)",37.498768452064354,127.0277984674551,A1100819,,2,
수지정형외과의원,"서울특별시 은평구 응암로 215, 명남더블레스아파트2차 3층 (응암동, 명남더블레스아파트2차)",37.5912229367393,126.91705406261114,A1100820,,2,
서울내과의원,"서울특별시 강남구 역삼로77길 23, 4,5층 (대치동)",37.503967639381,127.055935727133,A1100821,,2,
예인소아청소년과의원,"서울특별시 영등포구 국회대로37길 25, 302호 (당산동4가)",37.529049544394816,126.90057382024108,A1100825,,2,
뉴맨남성의원,"서울특별시 강동구 올림픽로 667, 대동피렌체리버 3층 301~303호 (천호동)",37.5411360700303,127.123951125424,A1100827,,2,
비더뉴의원,"서울특별시 강남구 논현로155길 9, 비더뉴 성형 빌딩 4층,5층 (신사동)",37.521709491344,127.02729167889,A1100828,,2,
청담비엘에스의원,"서울특별시 강남구 선릉로 830, 공신진흥빌딩 5층 (청담동)",37.52601143092,127.04044210149,A1100829,,2,
동신비뇨기과의원,"서울특별시 서대문구 연희로 276, 2층 (홍은동)",37.5816970350637,126.936563883149,A1100830,,2,
김민경병리과의원,"서울특별시 강남구 삼성로 709, 4층 (청담동)",37.5194245244032,127.049528556494,A1100834,,2,
노규식공부두뇌연구원,서울특별시 강남구 도곡로 409  (대치동),37.4973692137569,127.055167024731,A1100837,,2,
브랜뉴의원,"서울특별시 강남구 압구정로 437, 청담동일신빌딩 4층 (청담동)",37.5269483913019,127.04514362306,A1100839,,2,
비에스의원,"서울특별시 강남구 논현로159길 14, 4층 (신사동)",37.5231421533009,127.026997058822,A1100841,,2,
더화이트의원,"서울특별시 강서구 강서로 242, 306호 (화곡동, 강서힐스테이트)",37.5471644988463,126.836797010994,A1100843,,2,
스카이정형외과의원,"서울특별시 강서구 방화동로 37, 201, 601호 (방화동, 메디스타워)",37.5641822785808,126.810682079138,A1100844,,2,
시원항외과의원,"서울특별시 강서구 강서로 43, 7층 (화곡동, 도양라비앙타워)",37.5315215185769,126.846531702129,A1100845,,2,
에스탑의원,"서울특별시 강서구 화곡로 153, 4층 (화곡동)",37.54146469635114,126.83876719347482,A1100846,,2,
연세나눔의원,"서울 강서구 공항대로 164 , 5층 504호  (마곡동)",37.5593259702511,126.825514827621,A1100847,,2,
우리재활의학과의원,"서울특별시 강서구 양천로 72, 5층 (방화동, 해성빌딩)",37.5732116324409,126.811777075121,A1100851,,2,
이선우성형외과의원,"서울특별시 종로구 종로 132, 3층 (종로3가)",37.57010730845644,126.99237290538762,A1100853,,2,
삼성드림의원,"서울특별시 용산구 이촌로 103, 2층 (한강로3가)",37.5240601455987,126.959602392189,A1100854,,2,
장안과의원,서울특별시 서대문구 수색로 38 (남가좌동),37.5698083576987,126.914480442523,A1100855,,2,
정원의원,"서울특별시 강동구 고덕로62길 29, 201, 202호 (명일동, 명일삼환아파트)",37.5536016508145,127.153548420662,A1100856,,2,
이지소아청소년과의원,"서울특별시 강남구 헌릉로570길 34, 리엔파크프라자 2층 201호 (세곡동)",37.4631480963128,127.103468343169,A1100859,,2,
삼성윤내과의원,"서울 강남구 광평로 295 , 한신사이룩스 서관 211호  (수서동)",37.4885591040326,127.104470715166,A1100860,,2,
노마취통증의학과의원,"서울특별시 동작구 상도로 94, 수진세인트빌딩 4층 (상도동)",37.4997629442808,126.931152504462,A1100861,,2,
연세미다인의원,"서울특별시 강남구 압구정로30길 23, 3층 304호 (신사동)",37.5258914152554,127.029494234094,A1100863,,2,
에비타흉부외과의원,"서울특별시 강남구 논현로 815 (신사동, Burda Moon 빌딩)",37.5213674409739,127.02780535379097,A1100866,,2,
윤헤어라인의원,"서울특별시 강남구 강남대로 590, 9층 (논현동, 미혜빌딩)",37.5145367338573,127.020399442204,A1100867,,2,
유재욱재활의학과의원,"서울특별시 강남구 강남대로 248, 목원빌딩, 6층일부 (도곡동)",37.485749259020956,127.03400808112889,A1100869,,2,
유스피부과의원,"서울특별시 강남구 도산대로 427, 1층 (청담동)",37.523948653363,127.042558928333,A1100870,,2,
성모소아청소년과의원,"서울특별시 도봉구 도봉로180나길 34, 2층 (도봉동)",37.6837686884789,127.049566885158,A1100871,,2,
제일가정의학과의원,"서울특별시 강서구 가로공원로76길 94, 2층 (화곡동)",37.5330339530834,126.838700603144,A1100872,,2,
지오성형외과의원,"서울특별시 강남구 압구정로30길 51, I.S.A 빌딩 6층 (신사동)",37.5239285235536,127.029366308026,A1100874,,2,
전혜원소아청소년과의원,"서울특별시 강남구 선릉로130길 20, 201호 (삼성동, 래미안삼성2차아파트)",37.5156660777991,127.043343754852,A1100875,,2,
강남서울밝은안과의원,"서울특별시 강남구 강남대로 390, 18층 (역삼동, 미진프라자)",37.4978399531903,127.028578846319,A1100879,,2,
휴림내과의원,"서울특별시 은평구 통일로 856, 3층 3010호 (불광동, 메트로타워)",37.6196226675938,126.921522873651,A1100881,,2,
지앤선소아청소년과의원,"서울특별시 은평구 진관2로 15-46, 705,706호 (진관동, 메트로프라자)",37.6386515578411,126.919081540985,A1100882,,2,
삼성톡스앤필의원,"서울 강남구 테헤란로 513 , K타워 15층  (삼성동)",37.5080031582356,127.058887185824,A1100883,,2,
코원성형외과의원,"서울특별시 강남구 도산대로 110, 케이비엘 센터 2층 (논현동)",37.5162788961317,127.021019329669,A1100884,,2,
전마취통증의학과의원,"서울특별시 구로구 개봉로20길 6, 201-1,201-2,202호 (개봉동, 현대아파트1단지)",37.4928802334449,126.859308079005,A1100885,,2,
미래아이내과의원,"서울특별시 서대문구 수색로 100, 상가동 1층 105,106호 (북가좌동, DMC래미안이편한세상)",37.5747334832097,126.907916083955,A1100887,,2,
연앤네이쳐산부인과의원,"서울특별시 강남구 학동로 521, 2~4층 (청담동)",37.5200456727,127.0557997663,A1100888,,2,
건강드림내과의원,서울특별시 강북구 도봉로 40 (미아동),37.6125920819171,127.030433727904,A1100890,,2,
굿모닝의원,"서울특별시 광진구 자양로9길 77, 4층 (자양동)",37.5317750433685,127.081211392678,A1100891,,2,
조성형외과의원,서울특별시 강남구 논현로 841,37.5239684663137,127.027758806248,A1100892,,2,
첫눈성형외과의원,"서울특별시 강남구 강남대로 616, 신사미타워 1302호 (신사동)",37.5168560197204,127.01979818833,A1100893,,2,
양재내과의원,"서울특별시 강남구 강남대로 238, 스카이쏠라빌딩 6층 (도곡동)",37.4849665053325,127.034757121285,A1100898,,2,
노바에스피부과의원,"서울특별시 강남구 강남대로 402, 5층 (역삼동, 시계탑빌딩)",37.4987767279505,127.027830562268,A1100899,,2,
앤플러스의원,"서울 강남구 논현로 831 , 네오스빌딩 6층  (신사동)",37.5225808095194,127.027855578503,A1100900,,2,
지아인의원,"서울특별시 강남구 도곡로 419, 6층(대치동, 쇼핑넷빌딩)",37.497655371872,127.056315963553,A1100901,,2,
노블라인의원,"서울특별시 강남구 압구정로 162 (신사동, 베네하임시티 B101,B102)",37.5263096990298,127.027465990023,A1100902,,2,
압구정연세의원,"서울특별시 강남구 논현로176길 24, 2층 (신사동)",37.5274323350464,127.030456228161,A1100903,,2,
노블와이성형외과의원,"서울특별시 강남구 논현로 823, B&S빌딩 5층 (신사동)",37.5219142271279,127.02794277452,A1100904,,2,
양시영내과의원,서울특별시 도봉구 덕릉로 225 (창동),37.6382701188965,127.037334355933,A1100908,,2,
청담코지의원,"서울특별시 강남구 압구정로60길 26, 4층 (청담동, 힐사이드빌딩)",37.5256252572544,127.041493081045,A1100915,,2,
주앤의원,"서울특별시 강남구 선릉로155길 3, 2,3,4층 (신사동)",37.5251446199786,127.039245649004,A1100916,,2,
아크네마인드의원,"서울특별시 강남구 압구정로30길 17, 이소니프라자 2층 206호 (신사동)",37.5263301884169,127.029553686621,A1100917,,2,
아이앤지성형외과의원,"서울특별시 강남구 강남대로 446, 한웰빌딩 7층일부 (역삼동)",37.502389199656,127.025947091441,A1100921,,2,
더맑은신경정신과의원,"서울 강남구 논현로 507 , 성지하이츠3차빌딩 3층  (역삼동)",37.5015784938059,127.036157208818,A1100923,,2,
상암정형외과의원,"서울특별시 마포구 월드컵북로 347, 301호 (상암동, 상암메디칼빌딩)",37.576345413949,126.893216249483,A1100924,,2,
날아라정형외과의원,"서울특별시 강남구 학동로 207, 4,5,6층 (논현동)",37.5145660716687,127.031608130481,A1100926,,2,
드림온비뇨의학과의원,"서울특별시 강동구 천호대로 1006, 601호 (성내동, 브라운스톤)",37.5380513979559,127.123788971242,A1100928,,2,
반포예원이비인후과의원,"서울 서초구 신반포로 100 , 래미안 퍼스티지 신반포역상가 2층  (반포동)",37.5030849342672,126.995693596225,A1100929,,2,
365엠씨의원,"서울특별시 성북구 아리랑로 3, 5층 (동소문동6가, 기업은행)",37.5930241251186,127.016174486678,A1100930,,2,
더비단성형외과의원,"서울특별시 강남구 선릉로 843, 201호 (신사동)",37.527215789349,127.040210268105,A1100931,,2,
차앤박피부과의원,"서울특별시 광진구 아차산로 241, 4층 402호 (화양동)",37.5405050771385,127.070150304742,A1100932,,2,
성수성모내과의원,"서울특별시 성동구 뚝섬로 388, 2층 (성수동2가)",37.5390105790565,127.053669957873,A1100933,,2,
상도사랑가정의학과의원,"서울특별시 동작구 양녕로 268, 2층 (상도1동)",37.5034996666046,126.948856226166,A1100934,,2,
현산부인과의원,"서울특별시 서초구 방배로 127, 3층 (방배동)",37.4852579365619,126.994860973768,A1100937,,2,
유앤아이의원,"서울특별시 송파구 올림픽로 240, 롯데월드 웰빙센터동 3층 1호 (잠실동)",37.5114261730629,127.082765031389,A1100939,,2,
장윤주산부인과의원,"서울특별시 구로구 남부순환로97길 3, KS프리미어빌딩 701호 (개봉동)",37.49399577225,126.858255129585,A1100941,,2,
닥터스피부과의원,"서울특별시 구로구 경인로67길 23, 305-1,2호 (신도림동, 신도림2차푸르지오)",37.5104826397728,126.889481191271,A1100942,,2,
이진내과의원,"서울특별시 관악구 남부순환로 1912, 3층 (봉천동)",37.4775118863287,126.961646750481,A1100943,,2,
코넬플러스비뇨의학과의원,"서울특별시 서초구 서초대로 332, 2층 (서초동)",37.4946855560133,127.017907829453,A1100945,,2,
제중안과의원,서울특별시 종로구 자하문로2길 4 ,37.576377886406,126.972859321085,A1100946,,2,
드림페이스의원,"서울특별시 마포구 양화로 196, 동성빌딩 2층 (동교동)",37.5583783180983,126.926518078974,A1100949,,2,
타워비뇨기과의원,"서울특별시 종로구 종로 120, 5층 (종로3가)",37.5700680162517,126.99091787405,A1100952,,2,
라비앙성형외과의원,"서울특별시 강남구 선릉로 805, W빌딩 3, 4층 (신사동)",37.5241263043193,127.038982210697,A1100954,,2,
유진성형외과의원,"서울특별시 강남구 테헤란로8길 44 (역삼동, 알파베타 사옥 2층일부, 3층)",37.495998522778,127.03224691528,A1100957,,2,
이종문신경과의원,서울특별시 성동구 독서당로 223,37.5442707521164,127.015191933825,A1100958,,2,
고려가정의학과의원,서울특별시 노원구 광운로 57 (월계동),37.6226384345807,127.059560972668,A1100959,,2,
굳쎈정형외과의원,"서울특별시 노원구 동일로 1673, 상계빌딩 4,3,2층 302호, 202호 (상계동)",37.6778972437903,127.054942094267,A1100960,,2,
모아만의원,"서울특별시 강남구 도산대로 110, 케이비엘 센터 8층 (논현동)",37.5162788961317,127.021019329669,A1100962,,2,
혜담소아청소년과의원,"서울특별시 양천구 목동서로 67, 3층 (목동, 우성에펠타운)",37.5363966169946,126.878549519127,A1100964,,2,
김세진소아청소년과의원,서울 성북구 화랑로 76   (하월곡동),37.6018277386458,127.040463515854,A1100966,,2,
서울듀크의원,"서울특별시 종로구 율곡로 47, 3층 (안국동, 걸스카웃회관)",37.5763368424522,126.984586464645,A1100967,,2,
삼성이비인후과의원,"서울특별시 금천구 시흥대로 214, 비즈메드빌딩 503호 (시흥동)",37.4530428916984,126.901712234507,A1100968,,2,
라임의원,"서울특별시 강동구 고덕로 391, 7층 (고덕동)",37.5572260091644,127.168978454847,A1100970,,2,
강동서울삼성내과의원,"서울특별시 강동구 풍성로 116, 2층 (성내동, 청구아파트상가)",37.5318890337585,127.124961187675,A1100972,,2,
산타클로스의원,"서울특별시 송파구 백제고분로 365, 태문빌딩 7층 (석촌동)",37.5052665438398,127.106298010481,A1100976,,2,
가톨릭권정형외과의원,"서울특별시 영등포구 신길로 42, 3층 (신길동)",37.4964707028524,126.908618171148,A1100979,,2,
이내과의원,"서울특별시 마포구 양화로 64, 3층 (서교동, 서교제일빌딩)",37.550309669,126.9158048087,A1100983,,2,
대명앰알씨티의원,"서울특별시 영등포구 양평로 99, 지하1,2-5층 (양평동4가)",37.5364773083686,126.89607164408,A1100984,,2,
유앤이비인후과의원,"서울특별시 강남구 논현로 84, 이손빌딩 2층 (개포동)",37.4775312338944,127.045294203892,A1100986,,2,
스마트정형외과의원,"서울특별시 강남구 테헤란로 139-1, 5층 (역삼동)",37.5004396757708,127.034471388344,A1100987,,2,
클린업피부과의원,"서울특별시 강남구 선릉로 832, 2층 (청담동, 소나무빌딩)",37.5262458809486,127.040414963913,A1100989,,2,
성모강내과의원,"서울특별시 강동구 성안로 163, 3층 (천호동, 대세빌딩)",37.5377591322053,127.13527207045,A1100991,,2,
탑비뇨기과의원,"서울특별시 강동구 천호대로 1015, 10층 (천호동)",37.5385041121306,127.125107663778,A1100992,,2,
강북연세내과의원,"서울특별시 강북구 도봉로 260, 4층 (미아동, 운산빌딩)",37.6317067557155,127.024422935028,A1100993,,2,
행복찾기정신과의원,"서울특별시 강북구 도봉로 52, 연이빌딩 2(M)층 (미아동)",37.613699372646,127.03052852605,A1100994,,2,
본앤본정형외과의원,"서울특별시 강서구 공항대로43길 123, 3,4,5층 (등촌동)",37.5625025336054,126.851117430409,A1100995,,2,
에스원이비인후과의원,"서울특별시 강남구 강남대로 598, 보림빌딩 6층 (논현동)",37.51517456075629,127.02036308047335,A1100996,,2,
리뉴얼의원,"서울특별시 강남구 선릉로157길 18, 에스앤케이 스퀘어(S&K SQUARE) 4층, 5층 (신사동)",37.5262303371107,127.038394241771,A1100997,,2,
강남미즈힐산부인과의원,"서울특별시 강남구 강남대로 242, 크리스탈빌딩 3층 (도곡동)",37.4853735070328,127.034082861809,A1100998,,2,
대학로메리힐산부인과의원,"서울특별시 종로구 대학로12길 4, 4층 (동숭동, 동덕빌딩 )",37.5825159439465,127.002197716421,A1100999,,2,
서울이비인후과의원,"서울특별시 도봉구 덕릉로 239, 2층 (창동)",37.6392117182212,127.038240549644,A1101000,,2,
가슴편한내과의원,"서울특별시 강남구 봉은사로 327, 궁도빌딩 4층 (논현동)",37.5101865123901,127.042653360305,A1101002,,2,
청담한세성모안과의원,서울특별시 강남구 학동로 433 (청담동),37.5187620689431,127.048315042069,A1101003,,2,
에이치투오의원,"서울특별시 강남구 도산대로89길 8, LH빌딩 4~6층 (청담동)",37.5251080455,127.0505996716,A1101007,,2,
연세프렌즈소아청소년과의원,"서울 노원구 동일로 1392 , 한일빌딩 3층  (상계동)",37.6530537904638,127.061324512782,A1101008,,2,
유앤미의원,"서울특별시 서초구 강남대로 415, 14층 (서초동, 대동빌딩)",37.4995604045649,127.026339775243,A1101009,,2,
연세유내과의원,"서울특별시 마포구 도화길 32, 삼성아파트 201,210호 (도화동)",37.540853210103,126.94959257016,A1101010,,2,
피움의원,"서울특별시 서초구 서초중앙로 43, 3층 (서초동,로얄타워)",37.4855373251844,127.015576900888,A1101011,,2,
디디소아청소년과의원,"서울특별시 서초구 서운로 216, 2층 201호 (서초동)",37.5023787621337,127.0218706432,A1101012,,2,
성모휴정신건강의학과의원,서울특별시 도봉구 도봉로 551 (쌍문동),37.6544885008684,127.037758938487,A1101015,,2,
연세어울림이비인후과의원,"서울특별시 광진구 아차산로 241, 4층 401호 (화양동)",37.5405050771385,127.070150304742,A1101017,,2,
초이스최의원,"서울특별시 강동구 양재대로81길 64, 3,4층 (성내동)",37.5240672132671,127.130992455402,A1101019,,2,
밝은봄소아청소년과의원,"서울특별시 동작구 흑석한강로 27, 106동  B104호 (흑석동, 흑석한강푸르지오상가)",37.5040994188129,126.966284444741,A1101021,,2,
마음안정신건강의학과의원,"서울특별시 강동구 올림픽로 651, 6층 (천호동)",37.5397559555383,127.123313958545,A1101022,,2,
예스의원,"서울특별시 영등포구 당산로 142-1, 3층 (당산동3가, 클리닉빌딩)",37.52731225782822,126.89733801020084,A1101023,,2,
봄빛내과의원,서울특별시 양천구 곰달래로 47 (신월동),37.5301745162122,126.837894790687,A1101024,,2,
한여성의원,"서울특별시 중구 다산로 137, 2층 (신당동)",37.5561169034626,127.011111120255,A1101025,,2,
연세마이뷰의원,"서울특별시 동작구 사당로 301, 3층 (사당동)",37.4853017183316,126.980796622285,A1101026,,2,
맑은샘이비인후과의원,서울특별시 양천구 남부순환로 356,37.5352437556767,126.828353356767,A1101031,,2,
푸른성모이비인후과의원,"서울특별시 성동구 행당로 87, 404호 (행당동, 대림아파트 리빙프라자)",37.5572921201611,127.028544269386,A1101032,,2,
삼성피부과산부인과,"서울특별시 동작구 상도로 356, 3,4층 (상도동)",37.4967617926881,126.952823875773,A1101033,,2,
삼성척척마취통증의학과의원,"서울특별시 관악구 관악로 220, 2층 (봉천동)",37.4842211221627,126.955381283408,A1101035,,2,
민도준류우마내과의원,"서울특별시 서초구 서초중앙로 125, 904,905호 (서초동, 로이어즈타워)",37.4930094671548,127.013418755214,A1101036,,2,
두리이비인후과의원,"서울특별시 금천구 시흥대로 403, 7층 (독산동)",37.4698086627095,126.897489343069,A1101037,,2,
한길정형외과의원,"서울특별시 구로구 신도림로19길 7, 성광빌딩 409,410,411호 (신도림동)",37.5112029731186,126.884470304555,A1101038,,2,
전영수내과의원,"서울특별시 금천구 남부순환로 1390, (독산동)",37.479839203517,126.905213073868,A1101039,,2,
김승국소아과의원,"서울특별시 금천구 금하로 707, (시흥동)",37.4512558633473,126.908729259558,A1101040,,2,
연세이비인후과의원,"서울특별시 노원구 동일로 1005, 2층 (공릉동, 대정빌딩)",37.6199276979518,127.074514434411,A1101041,,2,
삼성서울가정의원,"서울특별시 동대문구 이문로54길 46, 2층 (이문동)",37.6054382486418,127.064446861992,A1101042,,2,
김수진내과의원,"서울특별시 동작구 보라매로5가길 16, 502호 (신대방동)",37.4912751024086,126.924094714271,A1101045,,2,
강피부과의원,서울특별시 성북구 동소문로20가길 56  (동선동1가),37.5937423079466,127.019168478371,A1101046,,2,
송파인내과의원,"서울특별시 송파구 동남로 189, 가락쌍용아파트 2층 224호 (가락동)",37.4947106219458,127.12991947316269,A1101051,,2,
김인주연세가정의학과의원,서울특별시 서대문구 홍은중앙로 89 (홍은동),37.5990276988425,126.947351976886,A1101054,,2,
루비의원,"서울특별시 중구 명동길 65, 보림빌딩 5층 (명동1가)",37.5641952853184,126.98591834303,A1101056,,2,
리뉴미피부과의원,"서울특별시 중구 을지로 251, 을지회관 2층 203호 (을지로6가)",37.5665548575457,127.006251379421,A1101057,,2,
강서연세내과의원,"서울특별시 강서구 양천로 72, 403호, 404호 (방화동, 해성빌딩)",37.5732116324409,126.811777075121,A1101058,,2,
양재서울이비인후과의원,"서울특별시 서초구 남부순환로 2614, 308호, 309일부호 (양재동, 한솔로이젠트빌딩)",37.48440774488567,127.0368793563926,A1101059,,2,
우리들의피부과의원,"서울 동대문구 고산자로 399 , 동양프라자 201호  (용두동)",37.5752762915537,127.037769621436,A1101061,,2,
참길이비인후과의원,서울특별시 마포구 마포대로 44,37.539973013511,126.947098319374,A1101062,,2,
고운소아청소년과의원,"서울특별시 서초구 잠원로 24, 반포자이플라자 303호 (반포동)",37.5071156980651,127.009873208557,A1101064,,2,
유앤미의원,"서울특별시 강남구 학동로 411 (청담동, 원일빌딩)",37.5180972856452,127.044713083924,A1101065,,2,
튼튼나무정형외과의원,"서울특별시 강동구 양재대로 1619, 2층 (천호동)",37.5499891084547,127.143515495266,A1101066,,2,
연세안과의원,"서울특별시 동작구 서달로 150, 213호, 211호 (흑석동, 이랜드해가든)",37.5066265781961,126.962183786625,A1101068,,2,
평화의원,서울특별시 성동구 독서당로 302 (금호동4가),37.5476110768479,127.02273086562,A1101069,,2,
금천연세마취통증의학과의원,"서울특별시 금천구 금하로 701, 2,3층 (시흥동)",37.451559906687,126.907969418473,A1101070,,2,
킨더웰소아청소년과의원,"서울특별시 중구 다산로 168, 나동 3층 (신당동, 성원빌딩)",37.558442272308,127.013023379599,A1101071,,2,
라임비뇨기과의원,"서울특별시 중랑구 면목로 495, 4층 (상봉동)",37.5960451496247,127.085325030592,A1101076,,2,
박정수연세의원,"서울특별시 서초구 방배로 32, 205호 (방배동)",37.4778399509735,127.000373876917,A1101077,,2,
햇살정형외과의원,"서울특별시 영등포구 여의대방로 95, 601호 (신길동)",37.4976469496475,126.91714794861,A1101078,,2,
엔트리의원,"서울특별시 중랑구 동일로 786, 2층 (중화동)",37.600717823805006,127.07998501080421,A1101079,,2,
강태욱피부과의원,"서울특별시 성동구 행당로 84, 302호 (행당동, 한진종합상가)",37.556567759443,127.028745897371,A1101080,,2,
김태화엔도내과의원,서울특별시 성동구 사근동길 6 (행당동),37.5601443455492,127.042016095489,A1101081,,2,
림스내과의원,"서울특별시 영등포구 여의대방로 83, 2~3층 (신길동)",37.4971217388291,126.915853024241,A1101082,,2,
신길연세365의원,"서울특별시 영등포구 도신로 120, 신영빌딩 2~3층 (신길동)",37.5082105383995,126.905419023732,A1101083,,2,
역삼이창훈이비인후과의원,서울특별시 강남구 논현로 503 (역삼동),37.5012739795743,127.036366846779,A1101084,,2,
더맑은가정의학과의원,"서울특별시 중구 을지로 158, 삼풍상가 (을지로4가)",37.5659276672957,126.995590487854,A1101091,,2,
예일의원,"서울특별시 동작구 동작대로 89, 401호 (사당동, 골든시네마타워)",37.4846154681,126.9816651481,A1101092,,2,
365미소내과의원,"서울특별시 동작구 남부순환로 2055, 2층 (사당동)",37.4768743718646,126.977094087349,A1101094,,2,
삼성화곡소아청소년과의원,"서울 강서구 강서로13길 3 , 밀성타워 4층  (화곡동)",37.5322957492562,126.846047920456,A1101097,,2,
가산안과의원,"서울특별시 금천구 가산디지털1로 168, 우림라이온스밸리 A동 1층 110호 (가산동)",37.479966429878,126.88263620024,A1101099,,2,
시흥의원,서울특별시 금천구 시흥대로 240,37.4552836761891,126.900701144093,A1101100,,2,
연세안과의원,서울특별시 금천구 금하로 762,37.4498863722075,126.914331902321,A1101101,,2,
마디엔신경외과의원,"서울특별시 금천구 시흥대로153길 99, 2층 (가산동)",37.4757851018003,126.893360961324,A1101102,,2,
한사랑의원,"서울특별시 송파구 올림픽로 435 (신천동, 파크리오B상가 307호)",37.5213592954462,127.104971745978,A1101103,,2,
김효철이상훈내과의원,"서울특별시 송파구 올림픽로 509 (풍납동, J빌딩 302호)",37.5278698593939,127.11839160464,A1101104,,2,
연세이안과의원,"서울특별시 송파구 동남로 207 (가락동, 유성빌딩 3층)",37.4960694243582,127.130903505914,A1101105,,2,
연세이너힐의원,"서울특별시 성북구 월계로40길 7, 센트럴타운 2,3층 202,205,301호 (장위동)",37.6229473543321,127.048397229405,A1101106,,2,
건강그린내과의원,서울특별시 은평구 연서로 216 (대조동),37.6178000192821,126.920120155706,A1101107,,2,
하나재활의학과의원,"서울특별시 강서구 가로공원로76길 88, 2층 (화곡동, 월정빌딩)",37.5332832497493,126.838561356922,A1101109,,2,
에코이비인후과의원,"서울특별시 동작구 상도로 356, 2층 (상도동)",37.49674585052743,126.95283802138934,A1101110,,2,
맑은머리신경과의원,"서울특별시 노원구 동일로 1417, 삼양빌딩 3층 (상계동)",37.6550688080345,127.059980216361,A1101111,,2,
서울비뇨기과의원,"서울특별시 노원구 노해로 492 (상계동, 프린스빌딩)",37.65445590936226,127.06267693457022,A1101112,,2,
정마취통증의학과의원,"서울특별시 강북구 도봉로 324, 2층 (번동)",37.636791553989,127.024872687413,A1101114,,2,
타워비뇨기과의원,"서울특별시 광진구 강변역로4길 10, 304,305,306호 (구의동, 강변역지너스타워 )",37.5353492183772,127.093405063055,A1101115,,2,
강북삼성내과의원,"서울특별시 은평구 은평로 200-1, 가동 201호 (응암동, 삼영빌딩)",37.6011336684453,126.929999928224,A1101116,,2,
연세바른내과의원,"서울특별시 영등포구 경인로 775, 에이스하이테크시티 2동 103호 (문래동3가)",37.5147464245043,126.897536835727,A1101117,,2,
우리편한내과의원,"서울 강동구 상암로 104 , 중앙클레식하우스 A동 2층  (천호동, 중앙클레식하우스)",37.5471484077264,127.134117821981,A1101118,,2,
김수연이비인후과의원,"서울특별시 송파구 양재대로 1222, 중심상가동 3층 14호 (방이동, 올림픽선수기자촌@ )",37.5157276361757,127.131063164753,A1101120,,2,
김현영산부인과의원,"서울특별시 서초구 동작대로 120, 성산빌딩 504호 (방배동)",37.4872512547438,126.982708256783,A1101122,,2,
고은미인의원,"서울 관악구 남부순환로 1860 , 사랑의병원 2층  (봉천동)",37.4796247835746,126.956285774259,A1101127,,2,
닥터제이미의원,"서울특별시 관악구 신림로 340, 8층 (신림동)",37.4847625375982,126.930096548294,A1101128,,2,
연세수재활의학과의원,"서울특별시 양천구 목동동로 379, 303,304,305,306호 (목동, 광장상가)",37.5356098520363,126.878713495139,A1101129,,2,
신앤정소아청소년과의원,"서울특별시 양천구 신정이펜2로 12, 3층 304호 (신정동, 이펜하우스타워 )",37.5126074619051,126.83282424606,A1101130,,2,
연세이비인후과의원,"서울특별시 송파구 오금로 412 (가락동, 2층)",37.4973129503721,127.135653118425,A1101131,,2,
시온뷰티의원,"서울 송파구 마천로 311 , 2층  (마천동)",37.4954514166429,127.150361806674,A1101139,,2,
아미산부인과의원,"서울특별시 송파구 백제고분로 204 (삼전동, 4층)",37.5037486871523,127.089234537921,A1101140,,2,
아이엘의원,"서울특별시 강남구 학동로 208, 용문빌딩 2(일부)층 (논현동)",37.5140499644185,127.031988191374,A1101141,,2,
엠버여성의원,"서울특별시 송파구 송파대로 374, 3층 301호 &#40;송파동&#41;",37.5014100277705,127.110169891842,A1101142,,2,
연의원,"서울특별시 송파구 석촌호수로 61, 트리지움 4층 402호 (잠실동)",37.51082909623595,127.08614148883224,A1101143,,2,
두리이비인후과의원,"서울특별시 강서구 강서로 267, 5층 (내발산동, 송화플라자)",37.5496000614643,126.835941270275,A1101144,,2,
튼튼소아청소년과의원,"서울특별시 양천구 지양로 73, 2층 (신월동)",37.5219828695679,126.833544622661,A1101145,,2,
삼성서울키즈소아청소년과의원,서울특별시 은평구 백련산로 84 (응암동),37.5930097247289,126.92364241621,A1101146,,2,
베스트이화의원,"서울특별시 강남구 강남대로122길 47, 2층 (논현동)",37.5089689839277,127.026695849559,A1101147,,2,
삼성키즈소아청소년과의원,"서울 송파구 올림픽로 145 , 리센츠상가 3층 A37  (잠실동)",37.5119804600106,127.087041904838,A1101148,,2,
강남미의원,"서울특별시 강남구 테헤란로 128, 6층 (역삼동, 성곡빌딩)",37.4991297862601,127.032590806228,A1101150,,2,
홍제바른안과의원,"서울특별시 서대문구 통일로 413, 연세24시사우나 3층 301호 (홍제동)",37.5861817569167,126.946438736626,A1101153,,2,
아이리움안과의원,"서울특별시 강남구 강남대로 388, 강남센타빌딩 6,7층 (역삼동)",37.4974495848055,127.028422526103,A1101157,,2,
보나성형외과의원,"서울특별시 강남구 논현로 831, 5층 502호 (신사동)",37.5225808095194,127.027855578503,A1101158,,2,
김미진내과의원,"서울특별시 강남구 역삼로 306, 4층 404~406호 (역삼동, 개나리래미안아파트)",37.4989772734253,127.046959597261,A1101160,,2,
압구정본정형외과의원,"서울 강남구 압구정로36길 12 , 3층 301호  (신사동)",37.5276527575761,127.031346095845,A1101162,,2,
타워비뇨기과의원,"서울특별시 영등포구 여의대방로 375, 303,304호 (여의도동, 아일렉스타워)",37.5188985287759,126.930776116511,A1101163,,2,
하얀나라피부과의원,"서울특별시 서대문구 통일로 131, 7층 (충정로2가, 공화당빌딩)",37.5661512162168,126.965860900154,A1101167,,2,
아미스킨의원,"서울특별시 중구 퇴계로 100, 스테이트타워 남산 지하1층 B107호 (회현동2가)",37.5602069895052,126.982926486564,A1101169,,2,
브이맨비뇨기과의원,"서울 강남구 강남대로 390 , 405호  (역삼동)",37.4978399531903,127.028578846319,A1101170,,2,
뉴엘의원,"서울특별시 강남구 도산대로 134, 5층 (논현동)",37.5173531693456,127.023380583993,A1101172,,2,
타토아의원,"서울특별시 강남구 강남대로 624, 2층 (신사동, ICT타워)",37.5175038906888,127.019500864334,A1101173,,2,
키즈웰소아청소년과의원,"서울특별시 중랑구 동일로 932, 202동 210,211,302호 (묵동, 묵동자이아파트)",37.6138393830212,127.077557139207,A1101174,,2,
이경태정형외과의원,"서울특별시 강남구 선릉로131길 8, 노벨빌딩 2층 (논현동)",37.51790580224564,127.0402976777204,A1101175,,2,
양재오라클피부과의원,"서울특별시 강남구 남부순환로 2609, 하늘빌딩 5층 (도곡동)",37.48495472492852,127.03513696419252,A1101176,,2,
비타민의원,"서울특별시 강남구 학동로 342 (논현동, SK허브 302호)",37.5167560126387,127.040841265738,A1101177,,2,
에스듈의원,"서울특별시 강남구 선릉로86길 7 (대치동, 2층)",37.503309517209,127.05028610431274,A1101178,,2,
연세송도외과의원,서울특별시 서대문구 통일로 433 (홍제동),37.5875917300777,126.945087101126,A1101179,,2,
다나마취통증의학과의원,"서울특별시 강동구 상암로 44, 5층 (천호동)",37.5496457731598,127.1282987378,A1101181,,2,
아름다운신경과의원,서울특별시 강동구 양재대로 1596 (명일동),37.5480838851778,127.143789655455,A1101182,,2,
아비쥬의원,"서울특별시 강동구 올림픽로 659 (천호동, 쌍용플래티넘리버)",37.5403046724091,127.123564698301,A1101184,,2,
조이소아청소년과의원,"서울특별시 강동구 풍성로38길 9, 4층 (성내동)",37.5316068000518,127.12559371975,A1101186,,2,
대가연마취통증의학과의원,"서울특별시 송파구 중대로 193, 2,3,6,7층 (가락동, 주식회사홈캐스트)",37.4993475285985,127.125785072289,A1101187,,2,
김앤방여성의원,"서울특별시 동작구 상도로37길 62, 3층 (상도동)",37.4987447071542,126.952101467965,A1101188,,2,
뉴연세의원,서울특별시 금천구 시흥대로 239 (시흥동),37.455212941484,126.899947154118,A1101190,,2,
센트럴서울안과의원,"서울특별시 용산구 이촌로 224 (이촌동, 리버뷰맨션)",37.5201457860245,126.97187711918,A1101191,,2,
연한풀피부과의원,"서울 송파구 석촌호수로 61 , 트리지움상가 4층  (잠실동)",37.5107001999,127.0862137284,A1101192,,2,
우비뇨기과의원,"서울특별시 송파구 오금로 508 (거여동, 3층)",37.4928621788522,127.145041801116,A1101193,,2,
잠실비엘에스의원,"서울특별시 송파구 석촌호수로 61, 트리지움 306호,307호 (잠실동)",37.5107020036631,127.086211355223,A1101197,,2,
연세라미슈의원,"서울특별시 강남구 남부순환로 2609, 하늘빌딩 2층 (도곡동)",37.4849629812617,127.035096207425,A1101199,,2,
아이엠퀸여성의원,"서울특별시 서초구 강남대로 527, 브랜드칸 타워 9층 (반포동)",37.5090878311164,127.021849979814,A1101201,,2,
선릉김정신과의원,"서울특별시 강남구 테헤란로 410 (대치동, 금강타워 502호)",37.5045559137175,127.050729430264,A1101203,,2,
연세고운가정의학과의원,"서울특별시 서대문구 독립문로14길 3, 서대문센트레빌 단지내상가 2층 202, 205호 (냉천동)",37.5668276642327,126.963975289329,A1101206,,2,
한빛내과의원,"서울특별시 영등포구 여의대방로 89, 2층 (신길동, 익녕빌딩)",37.4973037099433,126.916569895364,A1101207,,2,
선우엔조신경과의원,"서울특별시 중구 퇴계로 320, 7층 (광희동2가)",37.5639131566548,127.007461684698,A1101208,,2,
참사랑의원,"서울특별시 노원구 누원로 18  (상계동, 수락리버시티4단지)",37.6862145785044,127.05287273244,A1101209,,2,
이규호모아름의원,"서울특별시 강남구 강남대로 616 (신사동, 신사미타워 1001호)",37.516873059851456,127.0197315114941,A1101211,,2,
권장덕케이성형외과의원,"서울특별시 강남구 논현로 857, 4층 (신사동, 계룡빌딩)",37.5253452973989,127.028099944398,A1101212,,2,
조한표내과의원,"서울특별시 강북구 한천로 1088, 2층 (수유동, 현진빌딩)",37.6431698629423,127.022801081885,A1101213,,2,
리즈온위드연세슬림라인의원,"서울특별시 강남구 선릉로153길 12, 3층 (신사동)",37.5249617604329,127.038565318856,A1101214,,2,
우박산부인과의원,"서울특별시 강남구 남부순환로377길 3, 301호 (도곡동)",37.4865801710923,127.045017219232,A1101216,,2,
상암우리내과의원,"서울특별시 마포구 월드컵북로 347, 402호 (상암동, 상암메디칼빌딩)",37.576345413949,126.893216249483,A1101218,,2,
서호종의원,"서울특별시 성북구 화랑로 201, 지상1,2층 (장위동)",37.6085900010364,127.052234251146,A1101221,,2,
강북삼성의원,"서울특별시 성북구 화랑로40길 54, 지상3,4층 (석관동, 영원빌딩)",37.613453428334,127.064484472177,A1101222,,2,
리엔장성형외과의원,"서울특별시 서초구 강남대로 403, 12,14~18층 (서초동)",37.4984575559368,127.026815711545,A1101224,,2,
씨앤씨정형외과의원,"서울특별시 서초구 방배로 95, 6층 (방배동, 서경빌딩)",37.4826824600832,126.996387507623,A1101225,,2,
성북성심신경과의원,"서울특별시 성북구 동소문로 181 (돈암동, 성북성심빌딩)",37.5983885994911,127.021443949614,A1101228,,2,
청담마디신경외과의원,"서울특별시 강남구 선릉로 669, 상경빌딩 7,8층 (논현동)",37.5166119773031,127.041258693516,A1101229,,2,
연세엘재활의학과의원,"서울특별시 강남구 삼성로 651, 5층 508,509,510호 (삼성동, 래미안 라클래시)",37.5183513056476,127.050036535644,A1101231,,2,
소천안과의원,서울특별시 은평구 통일로 801 (대조동),37.61560831128567,126.92457941929507,A1101233,,2,
코코라인의원,"서울특별시 강남구 압구정로 156 (신사동, 카로시티2빌딩 503,504호)",37.5260287469955,127.026766411038,A1101235,,2,
위드유의원,"서울특별시 강남구 남부순환로 2609, 하늘빌딩, 6층일부 (도곡동)",37.484983995079595,127.0351793780172,A1101236,,2,
아이랑소아청소년과의원,"서울특별시 관악구 난곡로 210, 2층 (신림동)",37.4737298508968,126.918544974873,A1101238,,2,
채움마취통증의학과의원,"서울특별시 마포구 마포대로 44, 4층 (도화동, 진도빌딩)",37.539973013511,126.947098319374,A1101239,,2,
김앤조내과의원,"서울특별시 관악구 난곡로 217, 2,4층 (신림동)",37.4738513821693,126.917484545337,A1101240,,2,
포에버의원,"서울특별시 서대문구 통일로 464, 홍제빌딩 2층 (홍제동)",37.5899629791299,126.943219061658,A1101241,,2,
아비스가정의학과의원,"서울특별시 강남구 봉은사로 471, 204-1,204-2,205호 (삼성동)",37.5127262745682,127.051239538093,A1101242,,2,
이브산부인과의원,"서울특별시 마포구 서강로 144, 4층 5호 (노고산동)",37.55448460507305,126.93660817652586,A1101243,,2,
연세마취통증의학과의원,"서울특별시 마포구 월드컵북로 24, 2층 (동교동)",37.557015953841,126.919786367765,A1101244,,2,
아비쥬의원,"서울특별시 마포구 양화로 162, 좋은사람들 빌딩 701호 (동교동)",37.5564298566954,126.923871361997,A1101245,,2,
연세봄이비인후과의원,"서울특별시 마포구 양화로 152, 4층 (동교동, 대화빌딩)",37.5558241112217,126.922891779053,A1101246,,2,
서울라헬여성의원,"서울특별시 마포구 마포대로 109, 2, 3층 (공덕동, 롯데캐슬프레지던트)",37.54470016065413,126.95014417083837,A1101247,,2,
강일성모내과의원,"서울특별시 강동구 아리수로93길 9 (강일동, 골드프라자 502)",37.5652410196081,127.174353860744,A1101249,,2,
길동미래로내과의원,서울특별시 강동구 천중로 237 (길동),37.5408324645707,127.146722637782,A1101250,,2,
네오의원,"서울특별시 금천구 시흥대로 403, 4층 (독산동,셈프레팜)",37.4698086627095,126.897489343069,A1101251,,2,
성모정소아청소년과의원,"서울특별시 금천구 금하로 705, 2층 206호 (시흥동, 플라자 카멜리아)",37.4515708431855,126.908361346757,A1101253,,2,
예지미의원,"서울특별시 강북구 도봉로 333, 10층 (수유동, 정우빌딩)",37.637870175299476,127.02505251141817,A1101256,,2,
새하나의원,"서울특별시 서대문구 연희로 103, 4층 (연희동)",37.567234248303,126.930907083597,A1101257,,2,
건이비인후과의원,"서울특별시 동작구 동작대로 25, 4층 (사당동, 사임당빌딩)",37.4787457051365,126.981343915956,A1101258,,2,
고운미의원,"서울특별시 동작구 동작대로 121, 2층 (사당동, 경원빌딩)",37.4874798935188,126.981860173505,A1101259,,2,
명소아청소년과의원,"서울특별시 동작구 장승배기로 34, 2층 (상도동)",37.5011509657145,126.941562079427,A1101260,,2,
고이비인후과의원,"서울특별시 동작구 여의대방로 250, 대림아파트(상가동) 4층 4-3호 (대방동)",37.50876519816578,126.92423679988372,A1101261,,2,
다미의원,"서울특별시 동작구 사당로 219, 3층 (사당동)",37.4841600698068,126.972660477747,A1101262,,2,
미소앤유의원,"서울특별시 동작구 사당로 230-1, 4층 (사당동, 미래빌딩)",37.4833057767884,126.973243297085,A1101263,,2,
밀려오네서울재활의학과의원,서울특별시 동작구 사당로 273 (사당동),37.4842194467414,126.97782236345,A1101264,,2,
자이안피부과의원,"서울특별시 중랑구 동일로 932, 303호 (묵동)",37.61359073045121,127.07751033625578,A1101266,,2,
오에스티의원,"서울특별시 서대문구 연세로 29, 4층 (창천동)",37.5582223114286,126.936708737412,A1101268,,2,
미애로여성의원,"서울특별시 강북구 도봉로 332, 4층 (번동, 홍승빌딩)",37.6373516350258,127.025581323205,A1101269,,2,
홀인원의원,"서울특별시 금천구 벚꽃로 298, 217호 (가산동, 대륭포스트타워6차)",37.4814401689835,126.883871693415,A1101270,,2,
케이씨에스서울김창수의원,"서울특별시 서대문구 신촌로 67, 4층 (창천동, 거촌빌딩)",37.5565034611622,126.934042205218,A1101273,,2,
연세나무소아청소년과의원,"서울특별시 마포구 월드컵북로 502, 201호 (상암동, 월드컵파크프라자)",37.5850443805494,126.879869563728,A1101274,,2,
내일내과의원,"서울특별시 강북구 솔샘로 254 (미아동, 삼양아케이트)",37.6193297017502,127.020743950051,A1101275,,2,
연세조이의원,"서울특별시 동작구 상도로 81, 302호 (대방동)",37.4999513063416,126.929559239366,A1101278,,2,
온마취통증의학과의원,"서울특별시 동작구 시흥대로 664, 2층 (신대방동, 충성빌딩)",37.4906941108669,126.908428005132,A1101279,,2,
이나영피부과의원,"서울특별시 서초구 서초대로 6, 미송타워 4층 (방배동)",37.485153575476616,126.98303991419714,A1101280,,2,
이수정안과의원,"서울특별시 동작구 동작대로29길 69, 3층 (사당동)",37.488456758540785,126.9781318537537,A1101281,,2,
이지은산부인과의원,"서울특별시 동작구 동작대로 121, 6층 (사당동)",37.4874798935188,126.981860173505,A1101283,,2,
퀴앤코플러스이비인후과의원,"서울특별시 동작구 서달로 150  (흑석동, 이랜드해가든)",37.5066265781961,126.962183786625,A1101284,,2,
오이비인후과의원,"서울특별시 강북구 도봉로 65, 2층 (미아동)",37.6149234098145,127.029648629791,A1101287,,2,
김의원,서울특별시 중구 서소문로 103,37.563014908776,126.972668699367,A1101288,,2,
이준걸통증의원,서울특별시 중구 남대문시장길 17 (남대문로4가),37.5602646272498,126.976941594183,A1101290,,2,
성덕외과의원성덕경희한의원,"서울특별시 동대문구 한천로 60, 2, 4층 (장안동)",37.5669897593406,127.06255490315776,A1101291,,2,
성모안과의원,"서울특별시 중구 다산로11길 3, 약수JK빌딩 2층 (신당동)",37.5544283498953,127.010036189975,A1101292,,2,
애플산부인과의원,"서울특별시 서초구 서초대로77길 3, 6층 (서초동, 아라타워)",37.4980609129976,127.026504807476,A1101294,,2,
조삼권내과의원,"서울특별시 양천구 지양로 78, 2층 (신월동, 우성상가)",37.5226595591182,126.833571060858,A1101295,,2,
하늘마취통증의학과의원,"서울특별시 강남구 강남대로 240, 양재SK허브프리모 (도곡동)",37.4852596091178,127.034429700831,A1101296,,2,
미소지인의원,"서울특별시 용산구 한강대로 283 (갈월동, 시티파크타워)",37.5434381287458,126.97195776476,A1101299,,2,
라엘르의원,"서울특별시 용산구 한강대로 286-2, 2층 (남영동)",37.5439084271196,126.972626340035,A1101300,,2,
강동굿모닝이비인후과의원,"서울특별시 강동구 고덕로 133, 상가동 509호 (암사동, 롯데캐슬퍼스트)",37.5552528493133,127.140347239304,A1101301,,2,
라르떼의원,"서울특별시 강동구 올림픽로 664 (천호동, 대우한강베네시티)",37.540555377209,127.124975762766,A1101302,,2,
강동하나이비인후과의원,"서울특별시 강동구 양재대로 1579, 2층 (천호동)",37.5465618086041,127.142841394568,A1101304,,2,
중앙성심의원,서울특별시 강동구 양재대로 1478 (길동),37.5376937056369,127.140227539906,A1101305,,2,
봄으로가는의원,"서울특별시 강동구 양재대로 1488, 3층 (길동)",37.5385752794508,127.14057632813,A1101306,,2,
서울가정의학과의원,"서울 강동구 양재대로 1466 , 광동빌딩 301호  (길동)",37.5367597031589,127.139869723538,A1101307,,2,
서울소아청소년과의원,"서울특별시 강동구 명일로 172 (둔촌동, 둔촌푸르지오아파트)",37.53450025749915,127.14530088073641,A1101308,,2,
서울수소아청소년과의원,"서울특별시 강동구 구천면로 424 (명일동, 명일메가타운)",37.55028511965336,127.14572048138771,A1101309,,2,
수마취통증의학과의원,서울특별시 강동구 올림픽로 774 (암사동),37.55014339797292,127.1278756943216,A1101310,,2,
에스유연세안과의원,"서울특별시 강동구 양재대로 1365, 심포니타워 4.6층 (성내동)",37.52805009060769,127.13585730251447,A1101311,,2,
위드피부과의원,"서울특별시 강동구 고덕로 133 (암사동, 강동롯데캐슬퍼스트아파트)",37.5552528493133,127.140347239304,A1101313,,2,
유스타의원,"서울특별시 강동구 올림픽로 787, 2층 203호 (암사동, 태성프라자)",37.5515454300024,127.127723369224,A1101314,,2,
하나의원,서울특별시 강동구 양재대로 1355 (성내동),37.5273952498819,127.135616051172,A1101315,,2,
서울삼성내과의원,"서울특별시 구로구 구로동로 112-2, 서울삼성내과의원 2,3,4층 (구로동)",37.48866940715506,126.8848271823056,A1101316,,2,
연세내과의원,"서울특별시 동작구 동작대로29길 24, 3층 (사당동)",37.488216007563,126.980664260663,A1101317,,2,
행복한성모정형외과의원,"서울특별시 동대문구 사가정로 122, 201~2, 204호 (전농동)",37.5772114550055,127.058517800585,A1101319,,2,
굿모닝플러스의원,서울특별시 관악구 난곡로 181 성수빌딩 (신림동),37.4713097420544,126.919603680139,A1101320,,2,
봄의약속안과의원,"서울 강동구 양재대로 1570 , 미래빌딩 5층  (명일동)",37.5456635684848,127.143242072187,A1101323,,2,
서울플러스이비인후과의원,"서울특별시 서대문구 통일로 464, 4층 (홍제동)",37.5899629791299,126.943219061658,A1101326,,2,
광보의원,서울특별시 동작구 만양로 87-1 (노량진동),37.5113243621542,126.944293479722,A1101327,,2,
라마르의원,"서울특별시 동작구 동작대로 109, 5층 (사당동, 경문빌딩)",37.4863082821086,126.981662246873,A1101328,,2,
미즈여성의원,서울특별시 동작구 보라매로 113 (대방동),37.4994633095093,126.927896614044,A1101329,,2,
기분좋은연세365의원,"서울 은평구 응암로 223 , 2~3층  (응암동)",37.5919761415152,126.917404688317,A1101330,,2,
삼성열린내과의원,"서울특별시 동작구 상도로 81, 2층 (대방동)",37.4999513063416,126.929559239366,A1101331,,2,
서울치항외과의원,"서울특별시 동작구 등용로 2, 3층 (상도동, 덕신빌딩)",37.504624263051,126.937875816673,A1101332,,2,
연세이비인후과의원,"서울특별시 서초구 사임당로 180, 302호 (서초동, 보원빌딩)",37.4925789859992,127.029267185467,A1101333,,2,
김재면내과의원,서울특별시 노원구 동일로 1533,37.6653647809563,127.057246351895,A1101334,,2,
365엠씨의원,"서울특별시 마포구 신촌로 92, 7,10층 (노고산동)",37.5551779164582,126.935680306816,A1101336,,2,
삼성안과의원,"서울특별시 마포구 월드컵로 75, 2층 (망원동)",37.5556322935424,126.91015440036,A1101340,,2,
강남송도외과의원,"서울특별시 강남구 선릉로 669, 9층 (논현동, 상경빌딩)",37.5166119773031,127.041258693516,A1101341,,2,
강서하나이비인후과의원,"서울특별시 강서구 강서로 43, 203,202일부호 (화곡동, 도양라비앙타워)",37.5315215185769,126.846531702129,A1101343,,2,
스마일내과의원,"서울특별시 강북구 삼양로 433, 2,3층 (수유동)",37.6421890477822,127.016298558465,A1101345,,2,
송파서울이비인후과의원,"서울특별시 송파구 오금로 91 (방이동, 태원빌딩 2층)",37.51401190077781,127.10755250196521,A1101346,,2,
굿모닝소아청소년과의원,"서울특별시 노원구 동일로204가길 12, 홈플러스 지하2층 (중계동)",37.6398580838556,127.068668049616,A1101347,,2,
연세정형외과의원,"서울특별시 노원구 한글비석로 438 (상계동, 연세정형외과)",37.6632220613736,127.068886772168,A1101348,,2,
이관철이비인후과의원,서울특별시 노원구 석계로 2,37.61510822862386,127.0648853460431,A1101349,,2,
퀸스메디산부인과의원,서울특별시 노원구 동일로 1059 (공릉동),37.6245300844681,127.072987056792,A1101350,,2,
한이비인후과의원,"서울특별시 종로구 지봉로 43, 5층 (창신동)",37.5740609271284,127.015435932974,A1101352,,2,
조은의원,서울특별시 구로구 신도림로 16,37.5051228166042,126.88219103785,A1101353,,2,
연세다나이비인후과의원,"서울 종로구 종로 19 , 르메이에르종로타운 322~323호  (종로1가)",37.5708444878121,126.979923668151,A1101354,,2,
군자건항외과의원,"서울특별시 광진구 천호대로 561, 5층 (중곡동)",37.5571138531893,127.080667685512,A1101355,,2,
서울숲삼성안과의원,"서울특별시 성동구 아차산로 41, 안동빌딩 6층 (성수동1가)",37.5469652009623,127.048975538142,A1101356,,2,
하나안과의원,"서울특별시 강북구 도봉로 34, 5층 (미아동, 트레지오빌딩)",37.6120685327599,127.03072164571,A1101357,,2,
서울봄내과의원,"서울특별시 양천구 목동서로 349, 301호 (신정동, 센트럴프라자)",37.51762848364884,126.86554799245414,A1101358,,2,
소문난여성의원,"서울특별시 강남구 강남대로 528, 5층 (논현동)",37.5092956336041,127.022643236224,A1101359,,2,
미예담산부인과의원,"서울특별시 강남구 학동로33길 7 (논현동, 4층 일부)",37.5152280563605,127.032540231201,A1101360,,2,
백내과의원,"서울특별시 영등포구 영중로 60, 유니온빌딩 (영등포동5가)",37.5214492718467,126.905329238282,A1101362,,2,
베스탑비뇨기과의원,"서울특별시 영등포구 영중로 51-1, 7층 (영등포동6가)",37.5209473850764,126.904622073126,A1101363,,2,
샛별안과의원,"서울특별시 영등포구 당산로44길 3, 410호 (당산동5가, 삼성타운)",37.5319143458605,126.901077532801,A1101364,,2,
성모정신과의원,"서울특별시 영등포구 영중로 51-1, 10층 (영등포동6가)",37.5209473850764,126.904622073126,A1101365,,2,
동동가정의학과의원,"서울특별시 도봉구 방학로 167, 4층 (방학동)",37.6621580215254,127.033578375448,A1101367,,2,
김재연내과의원,"서울특별시 금천구 금하로 763, 201호 (시흥동, 벽산2차 중심상가)",37.4503452637179,126.914588261631,A1101368,,2,
마이피부과의원,서울특별시 강남구 테헤란로87길 13,37.5086333777282,127.058591804414,A1101371,,2,
서울브레인신경과의원,"서울 강남구 논현로159길 17 , 삼화빌딩 3층 301호  (신사동)",37.5229066246,127.0266294335,A1101372,,2,
마디힐신경외과의원,"서울특별시 강남구 선릉로131길 8, 노벨빌딩 6층 (논현동)",37.5179752643562,127.040276007202,A1101374,,2,
코코이비인후과의원,"서울특별시 강남구 남부순환로 2936, 203,204호 (대치동, 윈플러스상가)",37.4933489108525,127.06191661451,A1101375,,2,
서울삼성안과의원,서울 강남구 압구정로 432   (청담동),37.5266074034274,127.044079997771,A1101376,,2,
압구정본산부인과의원,"서울 강남구 압구정로28길 14 , 형원빌딩 2층  (신사동)",37.5257284350603,127.027583996141,A1101377,,2,
성모마취통증의학과의원,서울특별시 강남구 테헤란로87길 13,37.5086333777282,127.058591804414,A1101378,,2,
이성호가정의학과의원,서울특별시 종로구 숭인동길 21,37.57557034767465,127.02146343029914,A1101381,,2,
행림내과의원,"서울특별시 송파구 양재대로 1222, 중심상가동 3층 25호 (방이동, 올림픽선수기자촌아파트 )",37.5157276361757,127.131063164753,A1101382,,2,
유정형외과의원,"서울특별시 은평구 응암로 201, 2,3층 (응암동)",37.5900256667534,126.916880797344,A1101383,,2,
연희제일의원,"서울특별시 서대문구 연희로 108, 1층 (연희동)",37.56743161607411,126.9316187830982,A1101384,,2,
진내과의원,"서울특별시 금천구 독산로 199, 2층 (독산동)",37.464671581099324,126.90253099591004,A1101385,,2,
뽀드베베의원,"서울특별시 강남구 강남대로 598, 7층 (논현동)",37.5151950134955,127.020363312256,A1101388,,2,
다나가정의학과의원,"서울특별시 서초구 신반포로 329, 세기빌딩 202호 (잠원동)",37.5108041146939,127.019505342,A1101389,,2,
가야성모의원,"서울특별시 서초구 방배로 175, 4층 (방배동, 동성빌딩)",37.4891650193791,126.992306606762,A1101391,,2,
강남맨포스비뇨기과의원,서울특별시 서초구 강남대로 597 진미선 (잠원동),37.5150359817667,127.019317658902,A1101392,,2,
건재활의학과의원,"서울특별시 서초구 사임당로 174, 303~305호 (서초동, 강남미래타워)",37.4923165838485,127.028649677024,A1101393,,2,
용피부과의원,"서울특별시 영등포구 의사당대로 108, 3층 302호 (여의도동, 아일렉스)",37.5210144173791,126.923991634451,A1101394,,2,
삼성플러스의원,"서울특별시 도봉구 노해로 384, 203호 (창동, 동아상가)",37.6519427474015,127.051002787716,A1101395,,2,
임흥각내과의원,"서울특별시 영등포구 도림로 312, 1, 2층 (신길동)",37.5055449734697,126.902497786904,A1101397,,2,
제이씨빛소망안과의원,"서울특별시 영등포구 국제금융로6길 33, 6층 (여의도동, 맨하탄빌딩)",37.5207908297398,126.926911965929,A1101398,,2,
건강제일의원,"서울특별시 도봉구 도봉로 499, 2호 (쌍문동)",37.6501906699592,127.035311835472,A1101399,,2,
봄산부인과의원,서울 용산구 회나무로13길 5   (이태원동),37.539531984634,126.989283969288,A1101401,,2,
마리아마취통증의학과의원,"서울특별시 서대문구 통일로 464, 3층 (홍제동)",37.5899629791299,126.943219061658,A1101402,,2,
김정훈내과의원,"서울특별시 송파구 삼전로 99 (잠실동, 2층)",37.507262374315,127.090133910971,A1101404,,2,
압구정연세안과의원,"서울특별시 강남구 언주로 874, 쌍봉빌딩 3층 일부 (신사동)",37.5285885762172,127.034133513054,A1101406,,2,
코미인의원,"서울특별시 강남구 봉은사로 105, 8층 (논현동, 동양빌딩)",37.5049715004391,127.025024207865,A1101407,,2,
명성내과의원,"서울특별시 서초구 바우뫼로 23, 301호 (우면동,선일빌딩)",37.4704095958188,127.025255502443,A1101408,,2,
서울자이소아청소년과의원,"서울특별시 서초구 사평대로45길 10-25, 402호 (반포동, 베리스타운)",37.5066316270124,127.013953666134,A1101409,,2,
연세메디노블의원,"서울 용산구 서빙고로 69 , 파크타워아파트 106동 1층 24,26호  (용산동5가, 파크타워아파트)",37.5237113460813,126.972351473155,A1101411,,2,
조피부과의원,"서울특별시 은평구 은평로 136, 302호 (응암동, 은경빌딩)",37.6002632124439,126.923039015434,A1101412,,2,
비너스여성외과의원,"서울특별시 강서구 화곡로 176-4, 6층 (화곡동, 화곡메디칼빌딩)",37.54165776434,126.841148635684,A1101413,,2,
에이린산부인과의원,"서울특별시 서초구 강남대로 435, 5층-사용6층 (서초동, 주류성빌딩)",37.5011782414,127.0255631795,A1101414,,2,
제일성모안과의원,서울특별시 강남구 개포로 615 (개포동),37.4926580850327,127.07558248914,A1101415,,2,
장내과의원,"서울특별시 서초구 사임당로 181, 3층 (서초동, 대일빌딩)",37.4930381253974,127.02932311263,A1101419,,2,
서울항맥외과의원,"서울특별시 도봉구 도봉로 488, 6층 (창동, 대명빌딩)",37.6489950789907,127.035265943337,A1101420,,2,
임안과의원,"서울특별시 도봉구 덕릉로 232, 3층 (창동)",37.6384215846546,127.038147466013,A1101421,,2,
조은이비인후과의원,서울특별시 도봉구 노해로65길 14 (창동),37.6520344268197,127.046523773308,A1101422,,2,
참서울내과의원,"서울특별시 도봉구 마들로 650, 도봉월드상가 1층 105-3,4 106-3,4 112-2호 (방학동)",37.6680283468222,127.047064658894,A1101424,,2,
리필업의원,"서울특별시 서초구 신반포로 177, 3동 3층 1,2,3호 (잠원동, 반포쇼핑타운)",37.5060995475667,127.003407328203,A1101426,,2,
새하얀피부과의원,"서울특별시 서초구 방배천로 5-3, 3층 (방배동)",37.4770492449913,126.982257596187,A1101428,,2,
장스내과의원,"서울특별시 중랑구 망우로 411, A동 2층 (망우동, 장스빌딩)",37.5995969226542,127.097891610363,A1101432,,2,
호산의원,"서울특별시 구로구 구로동로 215-1, 2층 (구로동)",37.4978508872457,126.882276534236,A1101433,,2,
반포비앤씨피부과의원,"서울특별시 서초구 반포대로 287, 래미안퍼스티지 중심상가 3층 333-335호 (반포동)",37.5043279449175,127.001088324244,A1101434,,2,
김영환피부과의원,서울특별시 서대문구 연희로 407 (홍은동),37.5912879829227,126.940485307056,A1101436,,2,
청담의원,"서울특별시 송파구 가락로 113 (석촌동, 2층)",37.5016797600912,127.10864433644,A1101437,,2,
라포레성형외과의원,"서울특별시 강남구 논현로 824, 동양빌딩 5층 (신사동)",37.5219903085592,127.028542466859,A1101439,,2,
상암선내과의원,"서울특별시 마포구 월드컵북로 402, 3층 322호 (상암동, KGIT상암센터)",37.580107752042,126.888982346416,A1101441,,2,
김진경내과의원,서울특별시 서초구 서운로 207 삼호종합상가 305호 (서초동),37.5015195846305,127.021753455557,A1101442,,2,
라환도외과의원,"서울특별시 동대문구 왕산로 178, 4층 (전농동)",37.5793037852612,127.043146161257,A1101443,,2,
김재준피부과의원,"서울특별시 관악구 관악로 231-1, 3층 (봉천동)",37.4853400623865,126.955561752124,A1101444,,2,
연세이비인후과의원,서울특별시 은평구 통일로 730 (불광동),37.6108142265488,126.930091088595,A1101445,,2,
연세봄산부인과의원,"서울특별시 중랑구 망우로 214, 우도빌딩 (상봉동)",37.5937481809153,127.076630319913,A1101446,,2,
채희재피부과의원,"서울특별시 은평구 서오릉로 140, 2층 (대조동)",37.6113251377512,126.917603128121,A1101447,,2,
엠케이(MK)비뇨기과의원,서울특별시 구로구 도림로 75  (구로동),37.489775004918336,126.89147416885892,A1101448,,2,
서울다나의원,"서울특별시 은평구 연서로 30, 2층 (역촌동)",37.6017606041836,126.916211724006,A1101454,,2,
이이비인후과의원,"서울특별시 구로구 경인로 319, 대림프라자 (개봉동)",37.4975993752858,126.855601090574,A1101455,,2,
이나영내과의원,서울특별시 서초구 잠원로 24 (반포동),37.507116419,127.009871399,A1101456,,2,
원일한상룡내과의원,서울특별시 영등포구 영중로8길 6 (영등포동3가),37.5183625742201,126.906179481554,A1101460,,2,
고태용이비인후과의원,"서울특별시 영등포구 도신로60길 2, 4층 (신길동)",37.511784488477,126.916830327223,A1101461,,2,
한준규정형외과의원,"서울특별시 관악구 난곡로 256, 지하1층~4층 (신림동)",37.4769925818527,126.91583772554,A1101463,,2,
김흥기산부인과의원,서울특별시 동대문구 왕산로 183,37.5799193656574,127.043578527298,A1101464,,2,
연세열린의원,"서울특별시 은평구 증산로 297, 201호 (증산동, 청록빌딩)",37.5838222894398,126.909237445391,A1101465,,2,
삼성속편한내과의원,"서울특별시 중랑구 사가정로 398, JS빌딩 2층 (면목동)",37.5802876412794,127.088816583304,A1101466,,2,
은혜정형외과의원,"서울특별시 용산구 보광로 35, 2층 (보광동)",37.5272776851,126.9996244058,A1101467,,2,
중계윌내과의원,"서울특별시 노원구 한글비석로 253, 세신프라자빌딩 401호, 402호, 405호 (중계동)",37.6504237048351,127.0763481119,A1101468,,2,
연세산부인과의원,"서울특별시 노원구 상계로 65, (상계동)",37.6563543249568,127.062249590194,A1101471,,2,
안영옥산부인과의원,"서울특별시 마포구 마포대로 52, 207호 (도화동, 고려아카데미텔2)",37.5403382601404,126.947662908645,A1101472,,2,
늘편한의원,"서울특별시 도봉구 노해로69길 97, 313호 (창동, 동아청솔아파트)",37.6568264212057,127.049334440854,A1101474,,2,
안세정신과의원,"서울특별시 서대문구 신촌로 99, 엘리트빌딩 8층 2호 (창천동)",37.5556893522809,126.936567828148,A1101476,,2,
비너스의원,서울특별시 강동구 양재대로 1629 (명일동),37.5510529952601,127.143672912956,A1101477,,2,
구로정형외과의원,"서울특별시 구로구 가마산로 211, 외5필지동 4,5,6층 (구로동)",37.4935875656885,126.88452831432,A1101478,,2,
은혜이비인후과의원,"서울특별시 송파구 백제고분로 258 (삼전동, 2층)",37.50221215893634,127.09510752880375,A1101479,,2,
조은이비인후과의원,"서울특별시 은평구 연서로 246, 2층 (불광동)",37.6190478329207,126.922607355291,A1101481,,2,
연세미초롬의원,"서울 광진구 자양로13길 47 , 욱영빌딩 2층  (자양동)",37.5341672695454,127.08189441761,A1101483,,2,
김이비인후과의원,"서울특별시 서대문구 통일로 452, 2층 (홍제동)",37.5891517580566,126.944041573542,A1101484,,2,
어비뇨기과의원,"서울특별시 노원구 동일로 1401, 2층 (상계동, 상아빌딩)",37.6535741433,127.0603825541,A1101486,,2,
김기창안과의원,"서울 은평구 통일로 731 , 2층  (대조동)",37.6106226649216,126.929466316371,A1101488,,2,
미래이비인후과의원,"서울특별시 강남구 논현로 839, 외1필지3층 (신사동)",37.5236610911879,127.027941955388,A1101489,,2,
박선혜산부인과의원,"서울특별시 강남구 양재대로55길 7, 지하1층,4층 (일원동)",37.4913376297727,127.087747062441,A1101491,,2,
앤의원,"서울특별시 마포구 만리재로 15, 403~406호 (공덕동, 제일빌딩)",37.5445849310546,126.95276773044,A1101493,,2,
연세비뇨기과의원,"서울특별시 금천구 시흥대로 232, 2층 (시흥동)",37.4546052385051,126.900945488679,A1101496,,2,
연세수마취통증의학과의원,"서울특별시 금천구 시흥대로 228, 2층 (시흥동, 동경빌딩)",37.454225418124,126.901216447928,A1101497,,2,
행복아이소아청소년과의원,"서울특별시 송파구 새말로8길 27 (문정동, 3층)",37.4802642140717,127.126949362639,A1101498,,2,
허피부과의원,"서울특별시 송파구 송이로 87, 4층 (가락동, 동서울크리닉)",37.4983419879792,127.120795228829,A1101499,,2,
선내과의원,서울특별시 양천구 목동서로 340,37.5194246797911,126.864038205091,A1101501,,2,
신재식마취통증의학과의원,서울특별시 송파구 오금로 504 (거여동),37.4928541028823,127.144647366813,A1101502,,2,
임용수비뇨기과의원,"서울특별시 강동구 올림픽로 651, 예경빌딩 (천호동)",37.5397559555383,127.123313958545,A1101503,,2,
우리들내과의원,"서울 광진구 뚝섬로 480 , 2층  (자양동)",37.536424491472,127.063547324205,A1101504,,2,
김패밀리의원,서울특별시 종로구 성균관로 49-1 (명륜3가),37.5871242184018,126.996374653931,A1101505,,2,
상일정형외과의원,"서울특별시 광진구 자양로 42 (자양동, 동남빌딩(지하1층, 지상1, 2, 4, 5층))",37.5319692640161,127.086094632545,A1101506,,2,
손내과의원,서울특별시 성동구 행당로 87 (행당동),37.55727526593402,127.028543321406,A1101508,,2,
양천이비인후과의원,"서울특별시 양천구 목동로 201, 3층(신정동,한성빌딩)",37.52639560942719,126.86393699482306,A1101509,,2,
마이스킨피부과의원,"서울특별시 노원구 한글비석로 254, 205호 (중계동, 대명플라자)",37.6504043041825,127.077086240765,A1101510,,2,
온누리피부과의원,서울특별시 강동구 양재대로 1661 (명일동),37.5538571094692,127.143944021144,A1101513,,2,
미앤미의원,"서울특별시 강동구 올림픽로 651, 4층 (천호동, 예경빌딩)",37.5397559555383,127.123313958545,A1101514,,2,
박산부인과의원,서울특별시 구로구 구로동로 35 (가리봉동),37.4849672468365,126.885897028905,A1101516,,2,
박주진산부인과의원,"서울특별시 양천구 오목로 321-1, 서경빌딩 3층 (목동)",37.5252739014686,126.873112535425,A1101517,,2,
양진석내과의원,"서울특별시 동작구 상도로 178, 2층 (상도동, 강남빌딩)",37.50440017872415,126.93873010516396,A1101518,,2,
이용식이비인후과의원,"서울특별시 종로구 종로 347, 204호 (숭인동, 롯데캐슬상가)",37.5740562569508,127.016000015149,A1101520,,2,
새사당의원,"서울특별시 동작구 사당로 301, 2층 (사당동)",37.4853017183316,126.980796622285,A1101522,,2,
참비뇨기과의원,"서울특별시 관악구 난곡로 219, 2층 (신림동)",37.473894792346044,126.91732916657523,A1101523,,2,
조용오안과의원,서울특별시 동대문구 장한로 129 (장안동),37.5719953693996,127.070930222624,A1101525,,2,
동교정신건강의학과의원,서울특별시 마포구 신촌로 62 (동교동),37.5563615946998,126.932677443116,A1101526,,2,
누가의원,서울특별시 마포구 신촌로 84 (노고산동),37.5555526059406,126.934957824678,A1101527,,2,
세조의원,"서울특별시 성북구 종암로 93, 2층 (종암동)",37.598547171594,127.034402115143,A1101528,,2,
성북제일의원,서울특별시 성북구 종암로 87 (종암동),37.5979921017271,127.0346052346,A1101529,,2,
최이비인후과의원,"서울특별시 영등포구 신길로 145, 2층 (신길동)",37.5052191180452,126.910395805911,A1101530,,2,
미앤아이의원,"서울특별시 서초구 방배로 76, 머리재빌딩 207,203일부호 (방배동)",37.4811603381547,126.998265188613,A1101531,,2,
우리내과의원,"서울 금천구 시흥대로 214 , 비즈메드빌딩 7층  (시흥동)",37.4530428916984,126.901712234507,A1101532,,2,
고은빛산부인과의원,"서울특별시 송파구 오금로 95, 국제빌딩 지하1층, 2~8층 (방이동)",37.5137872449326,127.107697279627,A1101534,,2,
강동고려의원,서울특별시 강동구 양재대로 1327 (성내동),37.5249336681948,127.134711216003,A1101536,,2,
김안과의원,"서울특별시 노원구 상계로 55, 302호(상계동)",37.656050001067,127.061162881077,A1101538,,2,
김명진내과의원,서울특별시 도봉구 도봉로 471 (쌍문동),37.6478425877321,127.03387685596,A1101539,,2,
박상화정형외과의원,서울특별시 강동구 양재대로 1319 (성내동),37.5241954271851,127.134439064819,A1101540,,2,
이지신경외과의원,"서울특별시 구로구 구로동로26길 37, 3층 (구로동)",37.4902679096097,126.886213943676,A1101542,,2,
건강드림내과의원,"서울특별시 구로구 천왕로 106, 골드프라자 (천왕동)",37.4860407392631,126.838559499205,A1101543,,2,
정동균내과의원,서울특별시 마포구 서강로 132 (노고산동),37.5538462178158,126.935470953428,A1101544,,2,
조은마취통증의학과의원,"서울특별시 송파구 동남로 138, 삼원빌딩 4층 일부호 (문정동)",37.4911230155082,127.126242693759,A1101545,,2,
공봉택성형외과의원,서울특별시 노원구 노해로 490,37.6544097398982,127.062410925814,A1101546,,2,
수연세안과의원,"서울특별시 서초구 서초대로77길 54, 서초더블유타워 5, 6층 (서초동)",37.502506415764955,127.02484127797528,A1101547,,2,
서초좋은의원,"서울특별시 서초구 서초중앙로 238, 306호 (반포동, 삼호가든상가)",37.5029619493601,127.012070984447,A1101548,,2,
베스탑비뇨기과의원,"서울특별시 송파구 올림픽로 269, 2층 221호 (신천동, 롯데캐슬골드)",37.5144273491608,127.100611434725,A1101549,,2,
연세이김마취통증의학과의원,서울특별시 송파구 송파대로30길 5 (가락동),37.4944808900047,127.118048260052,A1101551,,2,
오렌지정형외과의원,서울특별시 송파구 마천로 271 (마천동),37.4978050655343,127.147108511955,A1101552,,2,
